"location","variable","Unit","Date","Value"
"Cairo","Total Water consumed, Water Companies","thousand cubic meters","2007","1782780"
"Cairo","Total Water consumed, Water Companies","thousand cubic meters","2008","1810366"
"Cairo","Total Water consumed, Water Companies","thousand cubic meters","2009","1275457"
"Cairo","Total Water consumed, Water Companies","thousand cubic meters","2010","1736310"
"Cairo","Total Water consumed, Water Companies","thousand cubic meters","2011","1743894"
"Cairo","Total Water consumed, Water Companies","thousand cubic meters","2012","1786899"
"Cairo","Total Water consumed, Water Companies","thousand cubic meters","2013","1830033"
"Cairo","Government agencies, Water Companies","thousand cubic meters","2007","483133"
"Cairo","Government agencies, Water Companies","thousand cubic meters","2008","399882"
"Cairo","Government agencies, Water Companies","thousand cubic meters","2009","212479"
"Cairo","Government agencies, Water Companies","thousand cubic meters","2010","286437"
"Cairo","Government agencies, Water Companies","thousand cubic meters","2011","243916"
"Cairo","Government agencies, Water Companies","thousand cubic meters","2012","246697"
"Cairo","Government agencies, Water Companies","thousand cubic meters","2013","141149"
"Cairo","Shops, Water Companies","thousand cubic meters","2007","57049"
"Cairo","Shops, Water Companies","thousand cubic meters","2008","50983"
"Cairo","Shops, Water Companies","thousand cubic meters","2009","139954"
"Cairo","Shops, Water Companies","thousand cubic meters","2010","235469"
"Cairo","Shops, Water Companies","thousand cubic meters","2011","24416"
"Cairo","Shops, Water Companies","thousand cubic meters","2012","25857"
"Cairo","Shops, Water Companies","thousand cubic meters","2013","109153"
"Cairo","Workshops and factories, Small, Water Companies","thousand cubic meters","2007","5348"
"Cairo","Workshops and factories, Small, Water Companies","thousand cubic meters","2008","5000"
"Cairo","Workshops and factories, Small, Water Companies","thousand cubic meters","2009","25466"
"Cairo","Workshops and factories, Small, Water Companies","thousand cubic meters","2010","29364"
"Cairo","Workshops and factories, Small, Water Companies","thousand cubic meters","2011","30674"
"Cairo","Workshops and factories, Small, Water Companies","thousand cubic meters","2012","60561"
"Cairo","Workshops and factories, Small, Water Companies","thousand cubic meters","2013","15762"
"Cairo","Manufacturing Plants, Large, Water Companies","thousand cubic meters","2007","23176"
"Cairo","Manufacturing Plants, Large, Water Companies","thousand cubic meters","2008","23955"
"Cairo","Manufacturing Plants, Large, Water Companies","thousand cubic meters","2009","32831"
"Cairo","Manufacturing Plants, Large, Water Companies","thousand cubic meters","2010","51038"
"Cairo","Manufacturing Plants, Large, Water Companies","thousand cubic meters","2011","74000"
"Cairo","Manufacturing Plants, Large, Water Companies","thousand cubic meters","2012","74480"
"Cairo","Manufacturing Plants, Large, Water Companies","thousand cubic meters","2013","7449"
"Cairo","Investment Companies Places, Water Companies","thousand cubic meters","2007","12480"
"Cairo","Investment Companies Places, Water Companies","thousand cubic meters","2008","13865"
"Cairo","Investment Companies Places, Water Companies","thousand cubic meters","2009","29969"
"Cairo","Investment Companies Places, Water Companies","thousand cubic meters","2010","26124"
"Cairo","Investment Companies Places, Water Companies","thousand cubic meters","2011","22440"
"Cairo","Investment Companies Places, Water Companies","thousand cubic meters","2012","29728"
"Cairo","Investment Companies Places, Water Companies","thousand cubic meters","2013","60430"
"Cairo","Other (Non-residential units), Water Companies","thousand cubic meters","2007","32090"
"Cairo","Other (Non-residential units), Water Companies","thousand cubic meters","2008","4525"
"Cairo","Other (Non-residential units), Water Companies","thousand cubic meters","2009","9629"
"Cairo","Other (Non-residential units), Water Companies","thousand cubic meters","2010","154908"
"Cairo","Other (Non-residential units), Water Companies","thousand cubic meters","2011","421747"
"Cairo","Other (Non-residential units), Water Companies","thousand cubic meters","2012","370624"
"Cairo","Other (Non-residential units), Water Companies","thousand cubic meters","2013","514925"
"Cairo","Loss networks, Water Companies","thousand cubic meters","2007","473903"
"Cairo","Loss networks, Water Companies","thousand cubic meters","2008","523498"
"Cairo","Loss networks, Water Companies","thousand cubic meters","2009","742501"
"Cairo","Loss networks, Water Companies","thousand cubic meters","2010","461550"
"Cairo","Loss networks, Water Companies","thousand cubic meters","2011","435974"
"Cairo","Loss networks, Water Companies","thousand cubic meters","2012","378441"
"Cairo","Loss networks, Water Companies","thousand cubic meters","2013","446326"
"Cairo","Number of subscriptions, Water Companies","thousand cubic meters","2007","98588"
"Cairo","Number of subscriptions, Water Companies","thousand cubic meters","2008","1223161"
"Cairo","Number of subscriptions, Water Companies","thousand cubic meters","2009","949662"
"Cairo","Number of subscriptions, Water Companies","thousand cubic meters","2010","1012168"
"Cairo","Number of subscriptions, Water Companies","thousand cubic meters","2011","1081195"
"Cairo","Number of subscriptions, Water Companies","thousand cubic meters","2012","1125689"
"Cairo","Number of subscriptions, Water Companies","thousand cubic meters","2013","1158619"
"Cairo","Total Water consumed, New Cities","thousand cubic meters","2007","102261"
"Cairo","Total Water consumed, New Cities","thousand cubic meters","2008","131019"
"Cairo","Housing units, New Cities","thousand cubic meters","2007","54943"
"Cairo","Housing units, New Cities","thousand cubic meters","2008","70955"
"Cairo","Government agencies, New Cities","thousand cubic meters","2007","1787"
"Cairo","Government agencies, New Cities","thousand cubic meters","2008","25583"
"Cairo","Shops, New Cities","thousand cubic meters","2007","1418"
"Cairo","Shops, New Cities","thousand cubic meters","2008","5339"
"Cairo","Workshops and factories, Small, New Cities","thousand cubic meters","2007","1098"
"Cairo","Workshops and factories, Small, New Cities","thousand cubic meters","2008","446"
"Cairo","Manufacturing Plants, Large, New Cities","thousand cubic meters","2007","1635"
"Cairo","Manufacturing Plants, Large, New Cities","thousand cubic meters","2008","3286"
"Cairo","Investment Companies Places, New Cities","thousand cubic meters","2007","19125"
"Cairo","Investment Companies Places, New Cities","thousand cubic meters","2008","7172"
"Cairo","Other (Non-residential units), New Cities","thousand cubic meters","2007","22255"
"Cairo","Other (Non-residential units), New Cities","thousand cubic meters","2008","18238"
"Cairo","Loss networks, New Cities","thousand cubic meters","2007","57056"
"Cairo","Loss networks, New Cities","thousand cubic meters","2008","26110"
"Cairo","Total water produced, New Cities","thousand cubic meters","2007","159317"
"Cairo","Total water produced, New Cities","thousand cubic meters","2008","157129"
"Cairo","Number of subscriptions, New Cities","thousand cubic meters","2007","97405"
"Cairo","Number of subscriptions, New Cities","thousand cubic meters","2008","113454"
"Cairo","Housing units, Water Companies","thousand cubic meters","2007","1169504"
"Cairo","Housing units, Water Companies","thousand cubic meters","2008","1312156"
"Cairo","Housing units, Water Companies","thousand cubic meters","2009","825129"
"Cairo","Housing units, Water Companies","thousand cubic meters","2010","952970"
"Cairo","Housing units, Water Companies","thousand cubic meters","2011","926701"
"Cairo","Housing units, Water Companies","thousand cubic meters","2012","978952"
"Cairo","Housing units, Water Companies","thousand cubic meters","2013","981165"
"Cairo","Total water produced, Water Companies","thousand cubic meters","2007","2256683"
"Cairo","Total water produced, Water Companies","thousand cubic meters","2008","2333864"
"Cairo","Total water produced, Water Companies","thousand cubic meters","2009","2017958"
"Cairo","Total water produced, Water Companies","thousand cubic meters","2010","2197860"
"Cairo","Total water produced, Water Companies","thousand cubic meters","2011","2179868"
"Cairo","Total water produced, Water Companies","thousand cubic meters","2012","2165340"
"Cairo","Total water produced, Water Companies","thousand cubic meters","2013","2276359"
"Alexandria","Total Water consumed, Water Companies","thousand cubic meters","2007","571890"
"Alexandria","Total Water consumed, Water Companies","thousand cubic meters","2008","549913"
"Alexandria","Total Water consumed, Water Companies","thousand cubic meters","2009","660987"
"Alexandria","Total Water consumed, Water Companies","thousand cubic meters","2010","784522"
"Alexandria","Total Water consumed, Water Companies","thousand cubic meters","2011","742184"
"Alexandria","Total Water consumed, Water Companies","thousand cubic meters","2012","639471"
"Alexandria","Total Water consumed, Water Companies","thousand cubic meters","2013","697647"
"Alexandria","Government agencies, Water Companies","thousand cubic meters","2007","64200"
"Alexandria","Government agencies, Water Companies","thousand cubic meters","2008","45600"
"Alexandria","Government agencies, Water Companies","thousand cubic meters","2009","46000"
"Alexandria","Government agencies, Water Companies","thousand cubic meters","2010","56200"
"Alexandria","Government agencies, Water Companies","thousand cubic meters","2011","42600"
"Alexandria","Government agencies, Water Companies","thousand cubic meters","2012","44300"
"Alexandria","Government agencies, Water Companies","thousand cubic meters","2013","44500"
"Alexandria","Shops, Water Companies","thousand cubic meters","2007","24900"
"Alexandria","Shops, Water Companies","thousand cubic meters","2008","25900"
"Alexandria","Shops, Water Companies","thousand cubic meters","2009","25800"
"Alexandria","Shops, Water Companies","thousand cubic meters","2010","25105"
"Alexandria","Shops, Water Companies","thousand cubic meters","2011","23900"
"Alexandria","Shops, Water Companies","thousand cubic meters","2012","22000"
"Alexandria","Shops, Water Companies","thousand cubic meters","2013","47336"
"Alexandria","Workshops and factories, Small, Water Companies","thousand cubic meters","2007","26800"
"Alexandria","Workshops and factories, Small, Water Companies","thousand cubic meters","2008","22000"
"Alexandria","Workshops and factories, Small, Water Companies","thousand cubic meters","2009","20000"
"Alexandria","Workshops and factories, Small, Water Companies","thousand cubic meters","2010","23540"
"Alexandria","Workshops and factories, Small, Water Companies","thousand cubic meters","2011","22000"
"Alexandria","Workshops and factories, Small, Water Companies","thousand cubic meters","2012","29600"
"Alexandria","Workshops and factories, Small, Water Companies","thousand cubic meters","2013","23666"
"Alexandria","Manufacturing Plants, Large, Water Companies","thousand cubic meters","2007","24800"
"Alexandria","Manufacturing Plants, Large, Water Companies","thousand cubic meters","2008","34700"
"Alexandria","Manufacturing Plants, Large, Water Companies","thousand cubic meters","2009","93200"
"Alexandria","Manufacturing Plants, Large, Water Companies","thousand cubic meters","2010","32100"
"Alexandria","Manufacturing Plants, Large, Water Companies","thousand cubic meters","2011","29800"
"Alexandria","Manufacturing Plants, Large, Water Companies","thousand cubic meters","2012","27500"
"Alexandria","Manufacturing Plants, Large, Water Companies","thousand cubic meters","2013","22200"
"Alexandria","Investment Companies Places, Water Companies","thousand cubic meters","2007","46900"
"Alexandria","Investment Companies Places, Water Companies","thousand cubic meters","2008","16900"
"Alexandria","Investment Companies Places, Water Companies","thousand cubic meters","2009","39000"
"Alexandria","Investment Companies Places, Water Companies","thousand cubic meters","2010","41000"
"Alexandria","Investment Companies Places, Water Companies","thousand cubic meters","2011","37000"
"Alexandria","Investment Companies Places, Water Companies","thousand cubic meters","2012","35600"
"Alexandria","Investment Companies Places, Water Companies","thousand cubic meters","2013","41100"
"Alexandria","Other (Non-residential units), Water Companies","thousand cubic meters","2007","30000"
"Alexandria","Other (Non-residential units), Water Companies","thousand cubic meters","2008","68813"
"Alexandria","Other (Non-residential units), Water Companies","thousand cubic meters","2009","66187"
"Alexandria","Other (Non-residential units), Water Companies","thousand cubic meters","2010","66077"
"Alexandria","Other (Non-residential units), Water Companies","thousand cubic meters","2011","50284"
"Alexandria","Other (Non-residential units), Water Companies","thousand cubic meters","2012","53171"
"Alexandria","Other (Non-residential units), Water Companies","thousand cubic meters","2013","50445"
"Alexandria","Loss networks, Water Companies","thousand cubic meters","2007","142973"
"Alexandria","Loss networks, Water Companies","thousand cubic meters","2008","175300"
"Alexandria","Loss networks, Water Companies","thousand cubic meters","2009","283280"
"Alexandria","Loss networks, Water Companies","thousand cubic meters","2010","190000"
"Alexandria","Loss networks, Water Companies","thousand cubic meters","2011","185500"
"Alexandria","Loss networks, Water Companies","thousand cubic meters","2012","347100"
"Alexandria","Loss networks, Water Companies","thousand cubic meters","2013","344800"
"Alexandria","Number of subscriptions, Water Companies","thousand cubic meters","2007","1154348"
"Alexandria","Number of subscriptions, Water Companies","thousand cubic meters","2008","1199677"
"Alexandria","Number of subscriptions, Water Companies","thousand cubic meters","2009","1225692"
"Alexandria","Number of subscriptions, Water Companies","thousand cubic meters","2010","1295113"
"Alexandria","Number of subscriptions, Water Companies","thousand cubic meters","2011","1318044"
"Alexandria","Number of subscriptions, Water Companies","thousand cubic meters","2012","1401022"
"Alexandria","Number of subscriptions, Water Companies","thousand cubic meters","2013","1428310"
"Alexandria","Total Water consumed, New Cities","thousand cubic meters","2007","114396"
"Alexandria","Total Water consumed, New Cities","thousand cubic meters","2008","112967"
"Alexandria","Housing units, New Cities","thousand cubic meters","2007","82043"
"Alexandria","Housing units, New Cities","thousand cubic meters","2008","82211"
"Alexandria","Government agencies, New Cities","thousand cubic meters","2007","25250"
"Alexandria","Government agencies, New Cities","thousand cubic meters","2008","24100"
"Alexandria","Shops, New Cities","thousand cubic meters","2007","3431"
"Alexandria","Shops, New Cities","thousand cubic meters","2008","3600"
"Alexandria","Workshops and factories, Small, New Cities","thousand cubic meters","2007","343"
"Alexandria","Workshops and factories, Small, New Cities","thousand cubic meters","2008","365"
"Alexandria","Manufacturing Plants, Large, New Cities","thousand cubic meters","2007","1487"
"Alexandria","Manufacturing Plants, Large, New Cities","thousand cubic meters","2008","1500"
"Alexandria","Investment Companies Places, New Cities","thousand cubic meters","2007","869"
"Alexandria","Investment Companies Places, New Cities","thousand cubic meters","2008","871"
"Alexandria","Other (Non-residential units), New Cities","thousand cubic meters","2007","973"
"Alexandria","Other (Non-residential units), New Cities","thousand cubic meters","2008","320"
"Alexandria","Loss networks, New Cities","thousand cubic meters","2007","28599"
"Alexandria","Loss networks, New Cities","thousand cubic meters","2008","30028"
"Alexandria","Total water produced, New Cities","thousand cubic meters","2007","142995"
"Alexandria","Total water produced, New Cities","thousand cubic meters","2008","142995"
"Alexandria","Number of subscriptions, New Cities","thousand cubic meters","2007","27415"
"Alexandria","Number of subscriptions, New Cities","thousand cubic meters","2008","27415"
"Alexandria","Housing units, Water Companies","thousand cubic meters","2007","354290"
"Alexandria","Housing units, Water Companies","thousand cubic meters","2008","336000"
"Alexandria","Housing units, Water Companies","thousand cubic meters","2009","370800"
"Alexandria","Housing units, Water Companies","thousand cubic meters","2010","540500"
"Alexandria","Housing units, Water Companies","thousand cubic meters","2011","536600"
"Alexandria","Housing units, Water Companies","thousand cubic meters","2012","427300"
"Alexandria","Housing units, Water Companies","thousand cubic meters","2013","468400"
"Alexandria","Total water produced, Water Companies","thousand cubic meters","2007","714863"
"Alexandria","Total water produced, Water Companies","thousand cubic meters","2008","725213"
"Alexandria","Total water produced, Water Companies","thousand cubic meters","2009","944267"
"Alexandria","Total water produced, Water Companies","thousand cubic meters","2010","974522"
"Alexandria","Total water produced, Water Companies","thousand cubic meters","2011","927684"
"Alexandria","Total water produced, Water Companies","thousand cubic meters","2012","986571"
"Alexandria","Total water produced, Water Companies","thousand cubic meters","2013","1042447"
"Port-Said","Total Water consumed, Water Companies","thousand cubic meters","2009","381175"
"Port-Said","Total Water consumed, Water Companies","thousand cubic meters","2010","440825"
"Port-Said","Total Water consumed, Water Companies","thousand cubic meters","2011","452275"
"Port-Said","Total Water consumed, Water Companies","thousand cubic meters","2012","451453"
"Port-Said","Total Water consumed, Water Companies","thousand cubic meters","2013","393246"
"Port-Said","Government agencies, Water Companies","thousand cubic meters","2009","93451"
"Port-Said","Government agencies, Water Companies","thousand cubic meters","2010","119463"
"Port-Said","Government agencies, Water Companies","thousand cubic meters","2011","125148"
"Port-Said","Government agencies, Water Companies","thousand cubic meters","2012","125121"
"Port-Said","Government agencies, Water Companies","thousand cubic meters","2013","90121"
"Port-Said","Shops, Water Companies","thousand cubic meters","2009","12521"
"Port-Said","Shops, Water Companies","thousand cubic meters","2010","14106"
"Port-Said","Shops, Water Companies","thousand cubic meters","2011","14320"
"Port-Said","Shops, Water Companies","thousand cubic meters","2012","14313"
"Port-Said","Shops, Water Companies","thousand cubic meters","2013","12131"
"Port-Said","Workshops and factories, Small, Water Companies","thousand cubic meters","2009","2211"
"Port-Said","Workshops and factories, Small, Water Companies","thousand cubic meters","2010","1322"
"Port-Said","Workshops and factories, Small, Water Companies","thousand cubic meters","2011","1318"
"Port-Said","Workshops and factories, Small, Water Companies","thousand cubic meters","2012","1219"
"Port-Said","Workshops and factories, Small, Water Companies","thousand cubic meters","2013","1119"
"Port-Said","Manufacturing Plants, Large, Water Companies","thousand cubic meters","2009","5513"
"Port-Said","Manufacturing Plants, Large, Water Companies","thousand cubic meters","2010","5731"
"Port-Said","Manufacturing Plants, Large, Water Companies","thousand cubic meters","2011","5443"
"Port-Said","Manufacturing Plants, Large, Water Companies","thousand cubic meters","2012","5311"
"Port-Said","Manufacturing Plants, Large, Water Companies","thousand cubic meters","2013","1813"
"Port-Said","Investment Companies Places, Water Companies","thousand cubic meters","2009","4150"
"Port-Said","Investment Companies Places, Water Companies","thousand cubic meters","2010","3085"
"Port-Said","Investment Companies Places, Water Companies","thousand cubic meters","2011","4008"
"Port-Said","Investment Companies Places, Water Companies","thousand cubic meters","2012","4113"
"Port-Said","Investment Companies Places, Water Companies","thousand cubic meters","2013","2117"
"Port-Said","Other (Non-residential units), Water Companies","thousand cubic meters","2009","9871"
"Port-Said","Other (Non-residential units), Water Companies","thousand cubic meters","2010","7937"
"Port-Said","Other (Non-residential units), Water Companies","thousand cubic meters","2011","6478"
"Port-Said","Other (Non-residential units), Water Companies","thousand cubic meters","2012","5932"
"Port-Said","Other (Non-residential units), Water Companies","thousand cubic meters","2013","3911"
"Port-Said","Loss networks, Water Companies","thousand cubic meters","2009","101325"
"Port-Said","Loss networks, Water Companies","thousand cubic meters","2010","131675"
"Port-Said","Loss networks, Water Companies","thousand cubic meters","2011","120225"
"Port-Said","Loss networks, Water Companies","thousand cubic meters","2012","55797"
"Port-Said","Loss networks, Water Companies","thousand cubic meters","2013","94004"
"Port-Said","Number of subscriptions, Water Companies","thousand cubic meters","2009","29868"
"Port-Said","Number of subscriptions, Water Companies","thousand cubic meters","2010","29868"
"Port-Said","Number of subscriptions, Water Companies","thousand cubic meters","2011","29868"
"Port-Said","Number of subscriptions, Water Companies","thousand cubic meters","2012","29868"
"Port-Said","Number of subscriptions, Water Companies","thousand cubic meters","2013","29868"
"Port-Said","Total Water consumed, City Councils","thousand cubic meters","2007","165900"
"Port-Said","Total Water consumed, City Councils","thousand cubic meters","2008","333775"
"Port-Said","Total water produced, City Councils","thousand cubic meters","2007","210000"
"Port-Said","Total water produced, City Councils","thousand cubic meters","2008","422500"
"Port-Said","Number of subscriptions, City Councils","thousand cubic meters","2007","29868"
"Port-Said","Number of subscriptions, City Councils","thousand cubic meters","2008","29868"
"Port-Said","Government agencies, City Councils","thousand cubic meters","2007","44959"
"Port-Said","Government agencies, City Councils","thousand cubic meters","2008","90453"
"Port-Said","Housing units, City Councils","thousand cubic meters","2007","108830"
"Port-Said","Housing units, City Councils","thousand cubic meters","2008","218957"
"Port-Said","Shops, City Councils","thousand cubic meters","2007","5309"
"Port-Said","Shops, City Councils","thousand cubic meters","2008","10681"
"Port-Said","Workshops and factories, Small, City Councils","thousand cubic meters","2007","497"
"Port-Said","Workshops and factories, Small, City Councils","thousand cubic meters","2008","1001"
"Port-Said","Manufacturing Plants, Large, City Councils","thousand cubic meters","2007","2157"
"Port-Said","Manufacturing Plants, Large, City Councils","thousand cubic meters","2008","4339"
"Port-Said","Investment Companies Places, City Councils","thousand cubic meters","2007","1161"
"Port-Said","Investment Companies Places, City Councils","thousand cubic meters","2008","2336"
"Port-Said","Other (Non-residential units), City Councils","thousand cubic meters","2007","2987"
"Port-Said","Other (Non-residential units), City Councils","thousand cubic meters","2008","6008"
"Port-Said","Loss networks, City Councils","thousand cubic meters","2007","44100"
"Port-Said","Loss networks, City Councils","thousand cubic meters","2008","88725"
"Port-Said","Housing units, Water Companies","thousand cubic meters","2009","253458"
"Port-Said","Housing units, Water Companies","thousand cubic meters","2010","289181"
"Port-Said","Housing units, Water Companies","thousand cubic meters","2011","295560"
"Port-Said","Housing units, Water Companies","thousand cubic meters","2012","295444"
"Port-Said","Housing units, Water Companies","thousand cubic meters","2013","282034"
"Port-Said","Total water produced, Water Companies","thousand cubic meters","2009","482500"
"Port-Said","Total water produced, Water Companies","thousand cubic meters","2010","572500"
"Port-Said","Total water produced, Water Companies","thousand cubic meters","2011","572500"
"Port-Said","Total water produced, Water Companies","thousand cubic meters","2012","507250"
"Port-Said","Total water produced, Water Companies","thousand cubic meters","2013","487250"
"Dakahlia","Total Water consumed, Water Companies","thousand cubic meters","2007","210469"
"Dakahlia","Total Water consumed, Water Companies","thousand cubic meters","2008","213524"
"Dakahlia","Total Water consumed, Water Companies","thousand cubic meters","2009","306867"
"Dakahlia","Total Water consumed, Water Companies","thousand cubic meters","2010","324336"
"Dakahlia","Total Water consumed, Water Companies","thousand cubic meters","2011","328107"
"Dakahlia","Total Water consumed, Water Companies","thousand cubic meters","2012","358901"
"Dakahlia","Total Water consumed, Water Companies","thousand cubic meters","2013","372502"
"Dakahlia","Government agencies, Water Companies","thousand cubic meters","2007","49110"
"Dakahlia","Government agencies, Water Companies","thousand cubic meters","2008","51311"
"Dakahlia","Government agencies, Water Companies","thousand cubic meters","2009","62107"
"Dakahlia","Government agencies, Water Companies","thousand cubic meters","2010","20269"
"Dakahlia","Government agencies, Water Companies","thousand cubic meters","2011","18356"
"Dakahlia","Government agencies, Water Companies","thousand cubic meters","2012","21351"
"Dakahlia","Government agencies, Water Companies","thousand cubic meters","2013","3794"
"Dakahlia","Shops, Water Companies","thousand cubic meters","2007","5720"
"Dakahlia","Shops, Water Companies","thousand cubic meters","2008","6443"
"Dakahlia","Shops, Water Companies","thousand cubic meters","2009","8001"
"Dakahlia","Shops, Water Companies","thousand cubic meters","2010","14732"
"Dakahlia","Shops, Water Companies","thousand cubic meters","2011","10500"
"Dakahlia","Shops, Water Companies","thousand cubic meters","2012","13809"
"Dakahlia","Shops, Water Companies","thousand cubic meters","2013","16803"
"Dakahlia","Workshops and factories, Small, Water Companies","thousand cubic meters","2007","827"
"Dakahlia","Workshops and factories, Small, Water Companies","thousand cubic meters","2008","1406"
"Dakahlia","Workshops and factories, Small, Water Companies","thousand cubic meters","2009","4000"
"Dakahlia","Workshops and factories, Small, Water Companies","thousand cubic meters","2010","4201"
"Dakahlia","Workshops and factories, Small, Water Companies","thousand cubic meters","2011","2005"
"Dakahlia","Workshops and factories, Small, Water Companies","thousand cubic meters","2012","2005"
"Dakahlia","Workshops and factories, Small, Water Companies","thousand cubic meters","2013","38"
"Dakahlia","Manufacturing Plants, Large, Water Companies","thousand cubic meters","2007","2819"
"Dakahlia","Manufacturing Plants, Large, Water Companies","thousand cubic meters","2008","3062"
"Dakahlia","Manufacturing Plants, Large, Water Companies","thousand cubic meters","2009","5594"
"Dakahlia","Manufacturing Plants, Large, Water Companies","thousand cubic meters","2010","5597"
"Dakahlia","Manufacturing Plants, Large, Water Companies","thousand cubic meters","2011","4230"
"Dakahlia","Manufacturing Plants, Large, Water Companies","thousand cubic meters","2012","4330"
"Dakahlia","Manufacturing Plants, Large, Water Companies","thousand cubic meters","2013","2000"
"Dakahlia","Investment Companies Places, Water Companies","thousand cubic meters","2007","1420"
"Dakahlia","Investment Companies Places, Water Companies","thousand cubic meters","2008","993"
"Dakahlia","Investment Companies Places, Water Companies","thousand cubic meters","2009","2999"
"Dakahlia","Investment Companies Places, Water Companies","thousand cubic meters","2010","3958"
"Dakahlia","Investment Companies Places, Water Companies","thousand cubic meters","2011","4000"
"Dakahlia","Investment Companies Places, Water Companies","thousand cubic meters","2012","4086"
"Dakahlia","Investment Companies Places, Water Companies","thousand cubic meters","2013","19285"
"Dakahlia","Other (Non-residential units), Water Companies","thousand cubic meters","2007","19091"
"Dakahlia","Other (Non-residential units), Water Companies","thousand cubic meters","2008","7382"
"Dakahlia","Other (Non-residential units), Water Companies","thousand cubic meters","2009","8563"
"Dakahlia","Other (Non-residential units), Water Companies","thousand cubic meters","2010","361"
"Dakahlia","Other (Non-residential units), Water Companies","thousand cubic meters","2011","237"
"Dakahlia","Other (Non-residential units), Water Companies","thousand cubic meters","2012","3442"
"Dakahlia","Other (Non-residential units), Water Companies","thousand cubic meters","2013","1000"
"Dakahlia","Loss networks, Water Companies","thousand cubic meters","2007","51341"
"Dakahlia","Loss networks, Water Companies","thousand cubic meters","2008","60224"
"Dakahlia","Loss networks, Water Companies","thousand cubic meters","2009","81571"
"Dakahlia","Loss networks, Water Companies","thousand cubic meters","2010","81152"
"Dakahlia","Loss networks, Water Companies","thousand cubic meters","2011","21236"
"Dakahlia","Loss networks, Water Companies","thousand cubic meters","2012","88025"
"Dakahlia","Loss networks, Water Companies","thousand cubic meters","2013","93426"
"Dakahlia","Number of subscriptions, Water Companies","thousand cubic meters","2007","995716"
"Dakahlia","Number of subscriptions, Water Companies","thousand cubic meters","2008","1244368"
"Dakahlia","Number of subscriptions, Water Companies","thousand cubic meters","2009","943658"
"Dakahlia","Number of subscriptions, Water Companies","thousand cubic meters","2010","989272"
"Dakahlia","Number of subscriptions, Water Companies","thousand cubic meters","2011","1017995"
"Dakahlia","Number of subscriptions, Water Companies","thousand cubic meters","2012","1048093"
"Dakahlia","Number of subscriptions, Water Companies","thousand cubic meters","2013","1078847"
"Dakahlia","Housing units, Water Companies","thousand cubic meters","2007","131482"
"Dakahlia","Housing units, Water Companies","thousand cubic meters","2008","142927"
"Dakahlia","Housing units, Water Companies","thousand cubic meters","2009","215603"
"Dakahlia","Housing units, Water Companies","thousand cubic meters","2010","275218"
"Dakahlia","Housing units, Water Companies","thousand cubic meters","2011","288779"
"Dakahlia","Housing units, Water Companies","thousand cubic meters","2012","309878"
"Dakahlia","Housing units, Water Companies","thousand cubic meters","2013","329582"
"Dakahlia","Total water produced, Water Companies","thousand cubic meters","2007","261810"
"Dakahlia","Total water produced, Water Companies","thousand cubic meters","2008","273748"
"Dakahlia","Total water produced, Water Companies","thousand cubic meters","2009","388438"
"Dakahlia","Total water produced, Water Companies","thousand cubic meters","2010","405488"
"Dakahlia","Total water produced, Water Companies","thousand cubic meters","2011","349343"
"Dakahlia","Total water produced, Water Companies","thousand cubic meters","2012","446926"
"Dakahlia","Total water produced, Water Companies","thousand cubic meters","2013","465928"
"Fayoum","Total Water consumed, Water Companies","thousand cubic meters","2007","117182"
"Fayoum","Total Water consumed, Water Companies","thousand cubic meters","2008","116476"
"Fayoum","Total Water consumed, Water Companies","thousand cubic meters","2009","120576"
"Fayoum","Total Water consumed, Water Companies","thousand cubic meters","2010","131053"
"Fayoum","Total Water consumed, Water Companies","thousand cubic meters","2011","137117"
"Fayoum","Total Water consumed, Water Companies","thousand cubic meters","2012","137307"
"Fayoum","Total Water consumed, Water Companies","thousand cubic meters","2013","140719"
"Fayoum","Government agencies, Water Companies","thousand cubic meters","2007","12938"
"Fayoum","Government agencies, Water Companies","thousand cubic meters","2008","15001"
"Fayoum","Government agencies, Water Companies","thousand cubic meters","2009","13438"
"Fayoum","Government agencies, Water Companies","thousand cubic meters","2010","18409"
"Fayoum","Government agencies, Water Companies","thousand cubic meters","2011","17542"
"Fayoum","Government agencies, Water Companies","thousand cubic meters","2012","15261"
"Fayoum","Government agencies, Water Companies","thousand cubic meters","2013","16777"
"Fayoum","Shops, Water Companies","thousand cubic meters","2007","1078"
"Fayoum","Shops, Water Companies","thousand cubic meters","2008","3085"
"Fayoum","Shops, Water Companies","thousand cubic meters","2009","3818"
"Fayoum","Shops, Water Companies","thousand cubic meters","2010","3097"
"Fayoum","Shops, Water Companies","thousand cubic meters","2011","5073"
"Fayoum","Shops, Water Companies","thousand cubic meters","2012","4518"
"Fayoum","Shops, Water Companies","thousand cubic meters","2013","5527"
"Fayoum","Workshops and factories, Small, Water Companies","thousand cubic meters","2007","1720"
"Fayoum","Workshops and factories, Small, Water Companies","thousand cubic meters","2008","3001"
"Fayoum","Workshops and factories, Small, Water Companies","thousand cubic meters","2009","3100"
"Fayoum","Workshops and factories, Small, Water Companies","thousand cubic meters","2010","3000"
"Fayoum","Workshops and factories, Small, Water Companies","thousand cubic meters","2011","2400"
"Fayoum","Workshops and factories, Small, Water Companies","thousand cubic meters","2012","4274"
"Fayoum","Workshops and factories, Small, Water Companies","thousand cubic meters","2013","3017"
"Fayoum","Manufacturing Plants, Large, Water Companies","thousand cubic meters","2007","1437"
"Fayoum","Manufacturing Plants, Large, Water Companies","thousand cubic meters","2008","1582"
"Fayoum","Manufacturing Plants, Large, Water Companies","thousand cubic meters","2009","1600"
"Fayoum","Manufacturing Plants, Large, Water Companies","thousand cubic meters","2010","2000"
"Fayoum","Manufacturing Plants, Large, Water Companies","thousand cubic meters","2011","3000"
"Fayoum","Manufacturing Plants, Large, Water Companies","thousand cubic meters","2012","4300"
"Fayoum","Manufacturing Plants, Large, Water Companies","thousand cubic meters","2013","3017"
"Fayoum","Investment Companies Places, Water Companies","thousand cubic meters","2007","1706"
"Fayoum","Investment Companies Places, Water Companies","thousand cubic meters","2008","1238"
"Fayoum","Investment Companies Places, Water Companies","thousand cubic meters","2009","1219"
"Fayoum","Investment Companies Places, Water Companies","thousand cubic meters","2010","1240"
"Fayoum","Investment Companies Places, Water Companies","thousand cubic meters","2011","1782"
"Fayoum","Investment Companies Places, Water Companies","thousand cubic meters","2012","1789"
"Fayoum","Investment Companies Places, Water Companies","thousand cubic meters","2013","1941"
"Fayoum","Other (Non-residential units), Water Companies","thousand cubic meters","2007","11706"
"Fayoum","Other (Non-residential units), Water Companies","thousand cubic meters","2008","4000"
"Fayoum","Other (Non-residential units), Water Companies","thousand cubic meters","2009","4518"
"Fayoum","Other (Non-residential units), Water Companies","thousand cubic meters","2010","8542"
"Fayoum","Other (Non-residential units), Water Companies","thousand cubic meters","2011","7867"
"Fayoum","Other (Non-residential units), Water Companies","thousand cubic meters","2012","2710"
"Fayoum","Other (Non-residential units), Water Companies","thousand cubic meters","2013","2101"
"Fayoum","Loss networks, Water Companies","thousand cubic meters","2007","31823"
"Fayoum","Loss networks, Water Companies","thousand cubic meters","2008","51275"
"Fayoum","Loss networks, Water Companies","thousand cubic meters","2009","57529"
"Fayoum","Loss networks, Water Companies","thousand cubic meters","2010","62241"
"Fayoum","Loss networks, Water Companies","thousand cubic meters","2011","65027"
"Fayoum","Loss networks, Water Companies","thousand cubic meters","2012","64292"
"Fayoum","Loss networks, Water Companies","thousand cubic meters","2013","65303"
"Fayoum","Number of subscriptions, Water Companies","thousand cubic meters","2007","363771"
"Fayoum","Number of subscriptions, Water Companies","thousand cubic meters","2008","374847"
"Fayoum","Number of subscriptions, Water Companies","thousand cubic meters","2009","389500"
"Fayoum","Number of subscriptions, Water Companies","thousand cubic meters","2010","408123"
"Fayoum","Number of subscriptions, Water Companies","thousand cubic meters","2011","426182"
"Fayoum","Number of subscriptions, Water Companies","thousand cubic meters","2012","454505"
"Fayoum","Number of subscriptions, Water Companies","thousand cubic meters","2013","479279"
"Fayoum","Housing units, Water Companies","thousand cubic meters","2007","86597"
"Fayoum","Housing units, Water Companies","thousand cubic meters","2008","88569"
"Fayoum","Housing units, Water Companies","thousand cubic meters","2009","92883"
"Fayoum","Housing units, Water Companies","thousand cubic meters","2010","94765"
"Fayoum","Housing units, Water Companies","thousand cubic meters","2011","99453"
"Fayoum","Housing units, Water Companies","thousand cubic meters","2012","104455"
"Fayoum","Housing units, Water Companies","thousand cubic meters","2013","108339"
"Fayoum","Total water produced, Water Companies","thousand cubic meters","2007","149005"
"Fayoum","Total water produced, Water Companies","thousand cubic meters","2008","167751"
"Fayoum","Total water produced, Water Companies","thousand cubic meters","2009","178105"
"Fayoum","Total water produced, Water Companies","thousand cubic meters","2010","193294"
"Fayoum","Total water produced, Water Companies","thousand cubic meters","2011","202144"
"Fayoum","Total water produced, Water Companies","thousand cubic meters","2012","201599"
"Fayoum","Total water produced, Water Companies","thousand cubic meters","2013","206022"
"Menia","Total Water consumed, Water Companies","thousand cubic meters","2007","143244"
"Menia","Total Water consumed, Water Companies","thousand cubic meters","2008","142676"
"Menia","Total Water consumed, Water Companies","thousand cubic meters","2009","144694"
"Menia","Total Water consumed, Water Companies","thousand cubic meters","2010","143689"
"Menia","Total Water consumed, Water Companies","thousand cubic meters","2011","144786"
"Menia","Total Water consumed, Water Companies","thousand cubic meters","2012","152084"
"Menia","Total Water consumed, Water Companies","thousand cubic meters","2013","170560"
"Menia","Government agencies, Water Companies","thousand cubic meters","2007","38667"
"Menia","Government agencies, Water Companies","thousand cubic meters","2008","37665"
"Menia","Government agencies, Water Companies","thousand cubic meters","2009","37911"
"Menia","Government agencies, Water Companies","thousand cubic meters","2010","38940"
"Menia","Government agencies, Water Companies","thousand cubic meters","2011","38957"
"Menia","Government agencies, Water Companies","thousand cubic meters","2012","17888"
"Menia","Government agencies, Water Companies","thousand cubic meters","2013","14146"
"Menia","Shops, Water Companies","thousand cubic meters","2007","4150"
"Menia","Shops, Water Companies","thousand cubic meters","2008","4566"
"Menia","Shops, Water Companies","thousand cubic meters","2009","4719"
"Menia","Shops, Water Companies","thousand cubic meters","2010","4598"
"Menia","Shops, Water Companies","thousand cubic meters","2011","4633"
"Menia","Shops, Water Companies","thousand cubic meters","2012","3621"
"Menia","Shops, Water Companies","thousand cubic meters","2013","10742"
"Menia","Workshops and factories, Small, Water Companies","thousand cubic meters","2007","817"
"Menia","Workshops and factories, Small, Water Companies","thousand cubic meters","2008","428"
"Menia","Workshops and factories, Small, Water Companies","thousand cubic meters","2009","500"
"Menia","Workshops and factories, Small, Water Companies","thousand cubic meters","2010","431"
"Menia","Workshops and factories, Small, Water Companies","thousand cubic meters","2011","434"
"Menia","Workshops and factories, Small, Water Companies","thousand cubic meters","2012","6669"
"Menia","Workshops and factories, Small, Water Companies","thousand cubic meters","2013","612"
"Menia","Manufacturing Plants, Large, Water Companies","thousand cubic meters","2007","1862"
"Menia","Manufacturing Plants, Large, Water Companies","thousand cubic meters","2008","1855"
"Menia","Manufacturing Plants, Large, Water Companies","thousand cubic meters","2009","1915"
"Menia","Manufacturing Plants, Large, Water Companies","thousand cubic meters","2010","1868"
"Menia","Manufacturing Plants, Large, Water Companies","thousand cubic meters","2011","1882"
"Menia","Manufacturing Plants, Large, Water Companies","thousand cubic meters","2012","2194"
"Menia","Manufacturing Plants, Large, Water Companies","thousand cubic meters","2013","9576"
"Menia","Investment Companies Places, Water Companies","thousand cubic meters","2007","1432"
"Menia","Investment Companies Places, Water Companies","thousand cubic meters","2008","999"
"Menia","Investment Companies Places, Water Companies","thousand cubic meters","2009","1300"
"Menia","Investment Companies Places, Water Companies","thousand cubic meters","2010","1006"
"Menia","Investment Companies Places, Water Companies","thousand cubic meters","2011","1014"
"Menia","Investment Companies Places, Water Companies","thousand cubic meters","2012","1726"
"Menia","Investment Companies Places, Water Companies","thousand cubic meters","2013","907"
"Menia","Other (Non-residential units), Water Companies","thousand cubic meters","2007","2368"
"Menia","Other (Non-residential units), Water Companies","thousand cubic meters","2008","2568"
"Menia","Other (Non-residential units), Water Companies","thousand cubic meters","2009","3298"
"Menia","Other (Non-residential units), Water Companies","thousand cubic meters","2010","2586"
"Menia","Other (Non-residential units), Water Companies","thousand cubic meters","2011","2886"
"Menia","Other (Non-residential units), Water Companies","thousand cubic meters","2012","4714"
"Menia","Other (Non-residential units), Water Companies","thousand cubic meters","2013","6051"
"Menia","Loss networks, Water Companies","thousand cubic meters","2007","38069"
"Menia","Loss networks, Water Companies","thousand cubic meters","2008","37925"
"Menia","Loss networks, Water Companies","thousand cubic meters","2009","30042"
"Menia","Loss networks, Water Companies","thousand cubic meters","2010","38196"
"Menia","Loss networks, Water Companies","thousand cubic meters","2011","38487"
"Menia","Loss networks, Water Companies","thousand cubic meters","2012","40032"
"Menia","Loss networks, Water Companies","thousand cubic meters","2013","41351"
"Menia","Number of subscriptions, Water Companies","thousand cubic meters","2007","580627"
"Menia","Number of subscriptions, Water Companies","thousand cubic meters","2008","1178970"
"Menia","Number of subscriptions, Water Companies","thousand cubic meters","2009","616707"
"Menia","Number of subscriptions, Water Companies","thousand cubic meters","2010","654649"
"Menia","Number of subscriptions, Water Companies","thousand cubic meters","2011","6963297"
"Menia","Number of subscriptions, Water Companies","thousand cubic meters","2012","730922"
"Menia","Number of subscriptions, Water Companies","thousand cubic meters","2013","766397"
"Menia","Total Water consumed, New Cities","thousand cubic meters","2007","2476"
"Menia","Total Water consumed, New Cities","thousand cubic meters","2008","2460"
"Menia","Housing units, New Cities","thousand cubic meters","2007","1624"
"Menia","Housing units, New Cities","thousand cubic meters","2008","1624"
"Menia","Government agencies, New Cities","thousand cubic meters","2007","655"
"Menia","Government agencies, New Cities","thousand cubic meters","2008","597"
"Menia","Shops, New Cities","thousand cubic meters","2007","79"
"Menia","Shops, New Cities","thousand cubic meters","2008","69"
"Menia","Workshops and factories, Small, New Cities","thousand cubic meters","2007","17"
"Menia","Workshops and factories, Small, New Cities","thousand cubic meters","2008","66"
"Menia","Manufacturing Plants, Large, New Cities","thousand cubic meters","2007","32"
"Menia","Manufacturing Plants, Large, New Cities","thousand cubic meters","2008","35"
"Menia","Investment Companies Places, New Cities","thousand cubic meters","2007","17"
"Menia","Investment Companies Places, New Cities","thousand cubic meters","2008","19"
"Menia","Other (Non-residential units), New Cities","thousand cubic meters","2007","52"
"Menia","Other (Non-residential units), New Cities","thousand cubic meters","2008","50"
"Menia","Loss networks, New Cities","thousand cubic meters","2007","520"
"Menia","Loss networks, New Cities","thousand cubic meters","2008","528"
"Menia","Total water produced, New Cities","thousand cubic meters","2007","2996"
"Menia","Total water produced, New Cities","thousand cubic meters","2008","2988"
"Menia","Number of subscriptions, New Cities","thousand cubic meters","2007","5425"
"Menia","Number of subscriptions, New Cities","thousand cubic meters","2008","6040"
"Menia","Housing units, Water Companies","thousand cubic meters","2007","93948"
"Menia","Housing units, Water Companies","thousand cubic meters","2008","94595"
"Menia","Housing units, Water Companies","thousand cubic meters","2009","95051"
"Menia","Housing units, Water Companies","thousand cubic meters","2010","94260"
"Menia","Housing units, Water Companies","thousand cubic meters","2011","94980"
"Menia","Housing units, Water Companies","thousand cubic meters","2012","115272"
"Menia","Housing units, Water Companies","thousand cubic meters","2013","128526"
"Menia","Total water produced, Water Companies","thousand cubic meters","2007","181313"
"Menia","Total water produced, Water Companies","thousand cubic meters","2008","180601"
"Menia","Total water produced, Water Companies","thousand cubic meters","2009","174736"
"Menia","Total water produced, Water Companies","thousand cubic meters","2010","181885"
"Menia","Total water produced, Water Companies","thousand cubic meters","2011","183273"
"Menia","Total water produced, Water Companies","thousand cubic meters","2012","192116"
"Menia","Total water produced, Water Companies","thousand cubic meters","2013","211911"
"Asyout","Total Water consumed, Water Companies","thousand cubic meters","2009","471732"
"Asyout","Total Water consumed, Water Companies","thousand cubic meters","2010","399800"
"Asyout","Total Water consumed, Water Companies","thousand cubic meters","2011","425380"
"Asyout","Total Water consumed, Water Companies","thousand cubic meters","2012","158639"
"Asyout","Total Water consumed, Water Companies","thousand cubic meters","2013","166563"
"Asyout","Government agencies, Water Companies","thousand cubic meters","2009","65186"
"Asyout","Government agencies, Water Companies","thousand cubic meters","2010","107946"
"Asyout","Government agencies, Water Companies","thousand cubic meters","2011","104552"
"Asyout","Government agencies, Water Companies","thousand cubic meters","2012","25142"
"Asyout","Government agencies, Water Companies","thousand cubic meters","2013","17847"
"Asyout","Shops, Water Companies","thousand cubic meters","2009","5453"
"Asyout","Shops, Water Companies","thousand cubic meters","2010","12794"
"Asyout","Shops, Water Companies","thousand cubic meters","2011","13056"
"Asyout","Shops, Water Companies","thousand cubic meters","2012","3135"
"Asyout","Shops, Water Companies","thousand cubic meters","2013","6743"
"Asyout","Workshops and factories, Small, Water Companies","thousand cubic meters","2009","6567"
"Asyout","Workshops and factories, Small, Water Companies","thousand cubic meters","2010","1199"
"Asyout","Workshops and factories, Small, Water Companies","thousand cubic meters","2011","1507"
"Asyout","Workshops and factories, Small, Water Companies","thousand cubic meters","2012","1881"
"Asyout","Workshops and factories, Small, Water Companies","thousand cubic meters","2013","5818"
"Asyout","Manufacturing Plants, Large, Water Companies","thousand cubic meters","2009","15009"
"Asyout","Manufacturing Plants, Large, Water Companies","thousand cubic meters","2010","5997"
"Asyout","Manufacturing Plants, Large, Water Companies","thousand cubic meters","2011","5413"
"Asyout","Manufacturing Plants, Large, Water Companies","thousand cubic meters","2012","1254"
"Asyout","Manufacturing Plants, Large, Water Companies","thousand cubic meters","2013","10743"
"Asyout","Investment Companies Places, Water Companies","thousand cubic meters","2009","50899"
"Asyout","Investment Companies Places, Water Companies","thousand cubic meters","2010","2799"
"Asyout","Investment Companies Places, Water Companies","thousand cubic meters","2011","9034"
"Asyout","Investment Companies Places, Water Companies","thousand cubic meters","2012","936"
"Asyout","Investment Companies Places, Water Companies","thousand cubic meters","2013","3350"
"Asyout","Other (Non-residential units), Water Companies","thousand cubic meters","2009","23400"
"Asyout","Other (Non-residential units), Water Companies","thousand cubic meters","2010","6797"
"Asyout","Other (Non-residential units), Water Companies","thousand cubic meters","2011","12573"
"Asyout","Other (Non-residential units), Water Companies","thousand cubic meters","2012","118"
"Asyout","Other (Non-residential units), Water Companies","thousand cubic meters","2013","10253"
"Asyout","Loss networks, Water Companies","thousand cubic meters","2009","21400"
"Asyout","Loss networks, Water Companies","thousand cubic meters","2010","46461"
"Asyout","Loss networks, Water Companies","thousand cubic meters","2011","43324"
"Asyout","Loss networks, Water Companies","thousand cubic meters","2012","42558"
"Asyout","Loss networks, Water Companies","thousand cubic meters","2013","41625"
"Asyout","Number of subscriptions, Water Companies","thousand cubic meters","2009","540753"
"Asyout","Number of subscriptions, Water Companies","thousand cubic meters","2010","547864"
"Asyout","Number of subscriptions, Water Companies","thousand cubic meters","2011","625026"
"Asyout","Number of subscriptions, Water Companies","thousand cubic meters","2012","590380"
"Asyout","Number of subscriptions, Water Companies","thousand cubic meters","2013","617652"
"Asyout","Total Water consumed, New Cities","thousand cubic meters","2007","1880"
"Asyout","Total Water consumed, New Cities","thousand cubic meters","2008","1916"
"Asyout","Housing units, New Cities","thousand cubic meters","2007","1144"
"Asyout","Housing units, New Cities","thousand cubic meters","2008","1214"
"Asyout","Government agencies, New Cities","thousand cubic meters","2007","415"
"Asyout","Government agencies, New Cities","thousand cubic meters","2008","415"
"Asyout","Shops, New Cities","thousand cubic meters","2007","55"
"Asyout","Shops, New Cities","thousand cubic meters","2008","55"
"Asyout","Workshops and factories, Small, New Cities","thousand cubic meters","2007","7"
"Asyout","Workshops and factories, Small, New Cities","thousand cubic meters","2008","7"
"Asyout","Manufacturing Plants, Large, New Cities","thousand cubic meters","2007","24"
"Asyout","Manufacturing Plants, Large, New Cities","thousand cubic meters","2008","25"
"Asyout","Investment Companies Places, New Cities","thousand cubic meters","2007","13"
"Asyout","Investment Companies Places, New Cities","thousand cubic meters","2008","13"
"Asyout","Other (Non-residential units), New Cities","thousand cubic meters","2007","222"
"Asyout","Other (Non-residential units), New Cities","thousand cubic meters","2008","187"
"Asyout","Loss networks, New Cities","thousand cubic meters","2007","456"
"Asyout","Loss networks, New Cities","thousand cubic meters","2008","420"
"Asyout","Total water produced, New Cities","thousand cubic meters","2007","2336"
"Asyout","Total water produced, New Cities","thousand cubic meters","2008","2336"
"Asyout","Number of subscriptions, New Cities","thousand cubic meters","2007","2460"
"Asyout","Number of subscriptions, New Cities","thousand cubic meters","2008","3371"
"Asyout","Total Water consumed, City Councils","thousand cubic meters","2007","365497"
"Asyout","Total Water consumed, City Councils","thousand cubic meters","2008","465541"
"Asyout","Total water produced, City Councils","thousand cubic meters","2007","456801"
"Asyout","Total water produced, City Councils","thousand cubic meters","2008","486898"
"Asyout","Number of subscriptions, City Councils","thousand cubic meters","2007","499922"
"Asyout","Number of subscriptions, City Councils","thousand cubic meters","2008","502922"
"Asyout","Government agencies, City Councils","thousand cubic meters","2007","70538"
"Asyout","Government agencies, City Councils","thousand cubic meters","2008","66509"
"Asyout","Housing units, City Councils","thousand cubic meters","2007","203177"
"Asyout","Housing units, City Councils","thousand cubic meters","2008","304732"
"Asyout","Shops, City Councils","thousand cubic meters","2007","8813"
"Asyout","Shops, City Councils","thousand cubic meters","2008","5319"
"Asyout","Workshops and factories, Small, City Councils","thousand cubic meters","2007","2560"
"Asyout","Workshops and factories, Small, City Councils","thousand cubic meters","2008","6122"
"Asyout","Manufacturing Plants, Large, City Councils","thousand cubic meters","2007","14554"
"Asyout","Manufacturing Plants, Large, City Councils","thousand cubic meters","2008","15662"
"Asyout","Investment Companies Places, City Councils","thousand cubic meters","2007","55024"
"Asyout","Investment Companies Places, City Councils","thousand cubic meters","2008","55449"
"Asyout","Other (Non-residential units), City Councils","thousand cubic meters","2007","10831"
"Asyout","Other (Non-residential units), City Councils","thousand cubic meters","2008","11748"
"Asyout","Loss networks, City Councils","thousand cubic meters","2007","91304"
"Asyout","Loss networks, City Councils","thousand cubic meters","2008","21357"
"Asyout","Housing units, Water Companies","thousand cubic meters","2009","305218"
"Asyout","Housing units, Water Companies","thousand cubic meters","2010","262268"
"Asyout","Housing units, Water Companies","thousand cubic meters","2011","279245"
"Asyout","Housing units, Water Companies","thousand cubic meters","2012","126173"
"Asyout","Housing units, Water Companies","thousand cubic meters","2013","111809"
"Asyout","Total water produced, Water Companies","thousand cubic meters","2009","493132"
"Asyout","Total water produced, Water Companies","thousand cubic meters","2010","446261"
"Asyout","Total water produced, Water Companies","thousand cubic meters","2011","468704"
"Asyout","Total water produced, Water Companies","thousand cubic meters","2012","201197"
"Asyout","Total water produced, Water Companies","thousand cubic meters","2013","208188"
"Suhag","Total Water consumed, Water Companies","thousand cubic meters","2007","99908"
"Suhag","Total Water consumed, Water Companies","thousand cubic meters","2008","101613"
"Suhag","Total Water consumed, Water Companies","thousand cubic meters","2009","145900"
"Suhag","Total Water consumed, Water Companies","thousand cubic meters","2010","205618"
"Suhag","Total Water consumed, Water Companies","thousand cubic meters","2011","167561"
"Suhag","Total Water consumed, Water Companies","thousand cubic meters","2012","147966"
"Suhag","Total Water consumed, Water Companies","thousand cubic meters","2013","191524"
"Suhag","Government agencies, Water Companies","thousand cubic meters","2007","27075"
"Suhag","Government agencies, Water Companies","thousand cubic meters","2008","26018"
"Suhag","Government agencies, Water Companies","thousand cubic meters","2009","36029"
"Suhag","Government agencies, Water Companies","thousand cubic meters","2010","64888"
"Suhag","Government agencies, Water Companies","thousand cubic meters","2011","43902"
"Suhag","Government agencies, Water Companies","thousand cubic meters","2012","16144"
"Suhag","Government agencies, Water Companies","thousand cubic meters","2013","38224"
"Suhag","Shops, Water Companies","thousand cubic meters","2007","3197"
"Suhag","Shops, Water Companies","thousand cubic meters","2008","3201"
"Suhag","Shops, Water Companies","thousand cubic meters","2009","5711"
"Suhag","Shops, Water Companies","thousand cubic meters","2010","8324"
"Suhag","Shops, Water Companies","thousand cubic meters","2011","5236"
"Suhag","Shops, Water Companies","thousand cubic meters","2012","3674"
"Suhag","Shops, Water Companies","thousand cubic meters","2013","2908"
"Suhag","Workshops and factories, Small, Water Companies","thousand cubic meters","2007","699"
"Suhag","Workshops and factories, Small, Water Companies","thousand cubic meters","2008","701"
"Suhag","Workshops and factories, Small, Water Companies","thousand cubic meters","2009","900"
"Suhag","Workshops and factories, Small, Water Companies","thousand cubic meters","2010","2165"
"Suhag","Workshops and factories, Small, Water Companies","thousand cubic meters","2011","474"
"Suhag","Workshops and factories, Small, Water Companies","thousand cubic meters","2012","1000"
"Suhag","Workshops and factories, Small, Water Companies","thousand cubic meters","2013","5687"
"Suhag","Manufacturing Plants, Large, Water Companies","thousand cubic meters","2007","1498"
"Suhag","Manufacturing Plants, Large, Water Companies","thousand cubic meters","2008","1499"
"Suhag","Manufacturing Plants, Large, Water Companies","thousand cubic meters","2009","1576"
"Suhag","Manufacturing Plants, Large, Water Companies","thousand cubic meters","2010","3026"
"Suhag","Manufacturing Plants, Large, Water Companies","thousand cubic meters","2011","2048"
"Suhag","Manufacturing Plants, Large, Water Companies","thousand cubic meters","2012","2000"
"Suhag","Manufacturing Plants, Large, Water Companies","thousand cubic meters","2013","8011"
"Suhag","Investment Companies Places, Water Companies","thousand cubic meters","2007","800"
"Suhag","Investment Companies Places, Water Companies","thousand cubic meters","2008","805"
"Suhag","Investment Companies Places, Water Companies","thousand cubic meters","2009","2514"
"Suhag","Investment Companies Places, Water Companies","thousand cubic meters","2010","4028"
"Suhag","Investment Companies Places, Water Companies","thousand cubic meters","2011","1107"
"Suhag","Investment Companies Places, Water Companies","thousand cubic meters","2012","173"
"Suhag","Investment Companies Places, Water Companies","thousand cubic meters","2013","4952"
"Suhag","Other (Non-residential units), Water Companies","thousand cubic meters","2007","1100"
"Suhag","Other (Non-residential units), Water Companies","thousand cubic meters","2008","292"
"Suhag","Other (Non-residential units), Water Companies","thousand cubic meters","2009","4335"
"Suhag","Other (Non-residential units), Water Companies","thousand cubic meters","2010","11335"
"Suhag","Other (Non-residential units), Water Companies","thousand cubic meters","2011","2758"
"Suhag","Other (Non-residential units), Water Companies","thousand cubic meters","2012","6000"
"Suhag","Other (Non-residential units), Water Companies","thousand cubic meters","2013","5890"
"Suhag","Loss networks, Water Companies","thousand cubic meters","2007","26557"
"Suhag","Loss networks, Water Companies","thousand cubic meters","2008","27011"
"Suhag","Loss networks, Water Companies","thousand cubic meters","2009","36475"
"Suhag","Loss networks, Water Companies","thousand cubic meters","2010","101671"
"Suhag","Loss networks, Water Companies","thousand cubic meters","2011","42998"
"Suhag","Loss networks, Water Companies","thousand cubic meters","2012","54689"
"Suhag","Loss networks, Water Companies","thousand cubic meters","2013","47882"
"Suhag","Number of subscriptions, Water Companies","thousand cubic meters","2007","521915"
"Suhag","Number of subscriptions, Water Companies","thousand cubic meters","2008","570339"
"Suhag","Number of subscriptions, Water Companies","thousand cubic meters","2009","718394"
"Suhag","Number of subscriptions, Water Companies","thousand cubic meters","2010","628192"
"Suhag","Number of subscriptions, Water Companies","thousand cubic meters","2011","642593"
"Suhag","Number of subscriptions, Water Companies","thousand cubic meters","2012","642593"
"Suhag","Number of subscriptions, Water Companies","thousand cubic meters","2013","681021"
"Suhag","Housing units, Water Companies","thousand cubic meters","2007","65539"
"Suhag","Housing units, Water Companies","thousand cubic meters","2008","69097"
"Suhag","Housing units, Water Companies","thousand cubic meters","2009","94835"
"Suhag","Housing units, Water Companies","thousand cubic meters","2010","111852"
"Suhag","Housing units, Water Companies","thousand cubic meters","2011","112036"
"Suhag","Housing units, Water Companies","thousand cubic meters","2012","118975"
"Suhag","Housing units, Water Companies","thousand cubic meters","2013","125852"
"Suhag","Total water produced, Water Companies","thousand cubic meters","2007","126465"
"Suhag","Total water produced, Water Companies","thousand cubic meters","2008","128624"
"Suhag","Total water produced, Water Companies","thousand cubic meters","2009","182375"
"Suhag","Total water produced, Water Companies","thousand cubic meters","2010","307289"
"Suhag","Total water produced, Water Companies","thousand cubic meters","2011","210559"
"Suhag","Total water produced, Water Companies","thousand cubic meters","2012","202655"
"Suhag","Total water produced, Water Companies","thousand cubic meters","2013","239406"
"6th of October Governorate","Total Water consumed, New Cities","thousand cubic meters","2008","114557"
"6th of October Governorate","Housing units, New Cities","thousand cubic meters","2008","29273"
"6th of October Governorate","Government agencies, New Cities","thousand cubic meters","2008","7262"
"6th of October Governorate","Shops, New Cities","thousand cubic meters","2008","1914"
"6th of October Governorate","Workshops and factories, Small, New Cities","thousand cubic meters","2008","6220"
"6th of October Governorate","Manufacturing Plants, Large, New Cities","thousand cubic meters","2008","27750"
"6th of October Governorate","Investment Companies Places, New Cities","thousand cubic meters","2008","18480"
"6th of October Governorate","Other (Non-residential units), New Cities","thousand cubic meters","2008","23658"
"6th of October Governorate","Loss networks, New Cities","thousand cubic meters","2008","29240"
"6th of October Governorate","Total water produced, New Cities","thousand cubic meters","2008","143797"
"6th of October Governorate","Number of subscriptions, New Cities","thousand cubic meters","2008","90104"
"6th of October Governorate","Total Water consumed, City Councils","thousand cubic meters","2008","87205"
"6th of October Governorate","Total water produced, City Councils","thousand cubic meters","2008","111089"
"6th of October Governorate","Number of subscriptions, City Councils","thousand cubic meters","2008","148760"
"6th of October Governorate","Government agencies, City Councils","thousand cubic meters","2008","18673"
"6th of October Governorate","Housing units, City Councils","thousand cubic meters","2008","60171"
"6th of October Governorate","Shops, City Councils","thousand cubic meters","2008","2597"
"6th of October Governorate","Workshops and factories, Small, City Councils","thousand cubic meters","2008","641"
"6th of October Governorate","Manufacturing Plants, Large, City Councils","thousand cubic meters","2008","956"
"6th of October Governorate","Investment Companies Places, City Councils","thousand cubic meters","2008","597"
"6th of October Governorate","Other (Non-residential units), City Councils","thousand cubic meters","2008","3570"
"6th of October Governorate","Loss networks, City Councils","thousand cubic meters","2008","23884"
