year,population_total,urban_population,rural_population,agricultural_land_sq_km,animals_production_head,arable_land_of_land_area,barley_tonnes,maize_tonnes,rice_paddy_tonnes,rice_paddy_rice_milled_equivalent__tonnes,rye_tonnes,sorghum_tonnes,wheat_tonnes,barley_hg_ha,maize_hg_ha,rice_paddy_hg_ha,rye_hg_ha,sorghum_hg_ha,wheat_hg_ha,cereal_yield_kg_per_hectare,co2_emissions_kt,transpiration_sum,evaporation_sum,eti_sum,npp_sum,ret_sum,gwp_mean,renewable_internal_freshwater_resources_per_capita_cubic_meters,annual_freshwater_withdrawals_total_billion_cubic_meters,annual_freshwater_withdrawals_agriculture_of_total_freshwater_withdrawal,annual_freshwater_withdrawals_domestic_of_total_freshwater_withdrawal,annual_freshwater_withdrawals_industry_of_total_freshwater_withdrawal,water_productivity_total_constant_2010_us_gdp_per_cubic_meter_of_total_freshwater_withdrawal,barley_ha,maize_ha,rice_paddy_ha,rye_ha,sorghum_ha,wheat_ha,land_area_equipped_for_irrigation_ha,water_use_efficiency_united_states_dollars_per_cubic_meter,level_of_water_stress_freshwater_withdrawal_as_a_proportion_of_available_freshwater_resources,methane_emissions_kt_of_co2_equivalent,nitrous_oxide_emissions_thousand_metric_tons_of_co2_equivalent,climatic_water_deficit_annual_kg_m2,potential_evapotranspiration_annual_kg_m2,wapor_gross_water_productivity_annual_kg_m3,wapor_net_primary_production_annual_g_m2,wapor_reference_evapotranspiration_annual_mm,desalinated_watermio_m3_y_x,exports_of_watermio_m3_y_x,fresh_groundwater_abstracted_mio_m3_y,fresh_surface_water_abstracted_mio_m3_y,freshwater_abstracted_fresh_surface_water_abstracted_fresh_groundwater_abstracted_mio_m3_y,imports_of_watermio_m3_y_x,losses_during_transportmio_m3_y,net_freshwater_abstracted_freshwater_abstracted_water_returned_without_use_mio_m3_y,reused_watermio_m3_y_x,total_freshwater_available_for_use_freshwater_abstracted_construction_other_economic_activities_desalinated_water_reused_water_mio_m3_y,total_freshwater_use_imports_of_water_exports_of_water_mio_m3_y,water_returned_without_usemio_m3_y,agriculture_forestry_and_fishing_isic_01_03_mio_m3_y,construction_isic_41_43_mio_m3_y_x,desalinated_watermio_m3_y_y,electricity_gas_steam_and_air_conditioning_supply_isic_35_mio_m3_y,exports_of_watermio_m3_y_y,households_mio_m3_y,imports_of_watermio_m3_y_y,irrigation_in_agriculturemio_m3_y_x,manufacturing_isic_10_33_mio_m3_y,mining_and_quarrying_isic_05_09_mio_m3_y,other_economic_activitiesmio_m3_y,reused_watermio_m3_y_y,water_supply_industry_isic_36_mio_m3_y,_agriculture_forestry_and_fishing_isic_01_03_mio_m3_y,_electricity_gas_steam_and_air_conditioning_supply_isic_35_mio_m3_y,_households_mio_m3_y,_manufacturing_isic_10_33_mio_m3_y,_mining_and_quarrying_isic_05_09_mio_m3_y,_other_economic_activitiesmio_m3_y,construction_isic_41_43_mio_m3_y_y,irrigation_in_agriculturemio_m3_y_y,rainfall_mm,mintemp_c,maxtemp_c
1960,26632891.0,10084278.0,16548613.0,,,,,,,,,,,,,,,,,,16054.126,,,,,,,,,,,,,,,,,,,,,,,,,,,,,,,,,,,,,,,,,,,,,,,,,,,,,,,,,,,,,,,,
1961,27366239.0,10473607.0,16892632.0,25680.0,4868000.0,2.51042242202019,132910.0,1617130.0,1142000.0,761714.0,,681000.0,1435926.0,26116.0,24014.0,50531.0,,35446.0,24697.0,2905.7,17088.22,,,,,,,,,,,,,50892.0,673399.0,226000.0,,192124.0,581409.0,2568.0,,,,,,,,,,,,,,,,,,,,,,,,,,,,,,,,,,,,,,,,,,,,,
1962,28112258.0,10858079.0,17254179.0,25050.0,4997000.0,2.44412074940981,146296.0,2003690.0,2038000.0,1359346.0,,658849.0,1593098.0,26611.0,26040.0,58395.0,,34487.0,26064.0,3259.6,18595.357,,,,,,,35.57167126,,,,,,54976.0,769464.0,349000.0,,191042.0,611226.0,2505.0,,,,,,,,,,,,,,,,,,,,,,,,,,,,,,,,,,,,,,,,,,,,,
1963,28871383.0,11253199.0,17618184.0,24900.0,5134000.0,2.4240293334672796,134362.0,1867000.0,2219000.0,1480073.0,,729000.0,1493000.0,26488.0,25824.0,55062.0,,35911.0,26425.0,3312.8,21554.626,,,,,,,,,,,,,50725.0,722958.0,403000.0,,203000.0,565000.0,2490.0,,,,,,,,,,,,,,,,,,,,,,,,,,,,,,,,,,,,,,,,,,,,,
1964,29644875.0,11659626.0,17985249.0,25060.0,5271000.0,2.43307047064142,142174.0,1934212.0,2036000.0,1358012.0,,739640.0,1499881.0,26850.0,27716.0,50396.0,,35526.0,27551.0,3330.1,25522.32,,,,,,,,,,,,,52951.0,697858.0,404000.0,,208196.0,544393.0,2506.0,,,,,,,,,,,,,,,,,,,,,,,,,,,,,,,,,,,,,,,,,,,,,
1965,30433024.0,12077650.0,18355374.0,26720.0,5417000.0,2.59380179818173,129606.0,2141000.0,1789000.0,1193263.0,,806000.0,1272000.0,24642.0,40703.0,50253.0,,38381.0,26445.0,3775.6,27641.846,,,,,,,,,,,,,52595.0,526000.0,356000.0,,210000.0,481000.0,2672.0,,,,,,,,,,,,,,,,,,,,,,,,,,,,,,,,,,,,,,,,,,,,,
1966,31237597.0,12508159.0,18729438.0,27800.0,5580000.0,2.69526344869155,102070.0,2376000.0,1678000.0,1119226.0,,859078.0,1465000.0,24895.0,35891.0,47268.0,,39503.0,27030.0,3565.5,26563.748,,,,,,,,,,,,,41000.0,662000.0,355000.0,,217474.0,542000.0,2780.0,,,,,,,,,,,,,,,,,,,,,,,,,,,,,,,,,,,,,,,,,,,,,
1967,32056506.0,12950508.0,19105998.0,28010.0,5754000.0,2.7063137274599396,114000.0,2167000.0,2278000.0,1519426.0,,880727.0,1299000.0,17620.0,34506.0,50398.0,,40095.0,24509.0,3557.3,19677.122,,,,,,,31.19491563,,,,,,64700.0,628000.0,452000.0,,219658.0,530000.0,2801.0,,,,,,,,,,,,,,,,,,,,,,,,,,,,,,,,,,,,,,,,,,,,,
1968,32881852.0,13401985.0,19479867.0,28010.0,6552000.0,2.6992817318800495,126000.0,2300000.0,2591000.0,1728197.0,,907000.0,1526000.0,19385.0,35115.0,51105.0,,40311.0,25349.0,3627.1,22904.082000000002,,,,,,,,,,,,,65000.0,655000.0,507000.0,,225000.0,602000.0,2801.0,,,,,,,,,,,,,,,,,,,,,,,,,,,,,,,,,,,,,,,,,,,,,
1969,33703127.0,13857715.0,19845412.0,28350.0,6949000.0,2.73745542217088,117000.0,2368000.0,2561000.0,1708187.0,,813015.0,1277000.0,18871.0,37827.0,51016.0,,40849.0,24049.0,3716.6,19695.457,,,,,,,,,,,,,62000.0,626000.0,502000.0,,199028.0,531000.0,2835.0,,,,,,,,,,,,,,,,,,,,,,,,,,,,,,,,,,,,,,,,,,,,,
1970,34513851.0,14315310.0,20198541.0,28430.0,7105000.0,2.73745542217088,84000.0,2397000.0,2604000.0,1736868.0,,874000.0,1519000.0,22723.0,37839.0,54250.0,,41611.0,27561.0,3911.8,21686.638,,,,,,,,,,,,,36967.0,633481.0,480000.0,,210040.0,551145.0,2843.0,,,20777.6,7888.601,,,,,,,,,,,,,,,,,,,,,,,,,,,,,,,,,,,,,,,,,
1971,35311905.0,14773795.0,20538110.0,28520.0,7240000.0,2.74750113014215,77000.0,2344000.0,2533690.0,1689971.0,,853603.0,1732000.0,24118.0,36565.0,53047.0,,41134.0,30406.0,3911.5,23047.095,,,,,,,,,,,,,31926.0,641042.0,477631.0,,207520.0,569628.0,2852.0,,,20622.6,7987.274,,,,,,,,,,,,,,,,,,,,,,,,,,,,,,,,,,,,,,,,,
1972,36102670.0,15235327.0,20867343.0,28550.0,7370000.0,2.73745542217088,109000.0,2421000.0,2507000.0,1672169.0,,831000.0,1618000.0,26750.0,37472.0,52076.0,,40956.0,30912.0,3951.3,25511.319,,,,,,,27.69878239,,,,,,40748.0,646083.0,481412.0,,202899.0,523420.0,2855.0,,,20403.8,8403.201,,,,,,,,,,,,,,,,,,,,,,,,,,,,,,,,,,,,,,,,,
1973,36896551.0,15704279.0,21192272.0,28550.0,7475000.0,2.73544628057662,96746.0,2508031.0,2275000.0,1517425.0,,852736.0,1938112.0,26779.0,36053.0,54319.0,,41682.0,36926.0,4080.0,23795.162999999997,,,,,,,,,,,,,36128.0,695652.0,418820.0,,204579.0,524867.0,2855.0,,,19836.8,8248.232,,,,,,,,,,,,,,,,,,,,,,,,,,,,,,,,,,,,,,,,,
1974,37708144.0,16186598.0,21521546.0,28430.0,7566000.0,2.7193731478225898,88753.0,2641307.0,2241688.0,1495206.0,,824642.0,1886000.0,27439.0,35792.0,50677.0,,39129.0,32686.0,3840.4,26123.708,,,,,,,,,,,,,32346.0,737950.0,442344.0,,210750.0,577000.0,2843.0,,,20781.7,8736.389000000001,,,,,,,,,,,,,,,,,,,,,,,,,,,,,,,,,,,,,,,,,
1975,38549133.0,16688305.0,21860828.0,28250.0,7833000.0,2.70330001506856,118169.0,2780519.0,2423446.0,1616438.0,,774882.0,2033265.0,28250.0,36175.0,54803.0,,37710.0,34722.0,3978.1,31099.827,,,,,,,,,,,,,41830.0,768640.0,442213.0,,205487.0,585592.0,2825.0,,,20993.1,9028.223,,,,,,,,,,,,,,,,,,,,,,,,,,,,,,,,,,,,,,,,,
1976,39422731.0,17210387.0,22212344.0,27300.0,7699588.0,2.6078657893415,123197.0,3047000.0,2300032.0,1534121.0,,759000.0,1960000.0,27503.0,38343.0,50770.0,,38066.0,33447.0,3941.1,34495.469,,,,,,,,,,,,,44794.0,794677.0,453030.0,,199388.0,586000.0,2730.0,,,21592.5,9215.215,,,,,,,,,,,,,,,,,,,,,,,,,,,,,,,,,,,,,,,,,
1977,40329589.0,17668393.0,22661196.0,26350.0,7736236.0,2.51042242202019,111905.0,2724844.0,2272309.0,1515630.0,,648721.0,1697000.0,27544.0,36749.0,52039.0,,37752.0,33320.0,3923.8,37865.442,,,,,,,24.79569033,48.9666666667,,,,0.7806813790188392,40627.0,741467.0,436652.0,,171839.0,509304.0,2635.0,,,21185.7,9508.103000000001,,,,,,,,,,,,,,,,,,,,,,,,,,,,,,,,,,,,,,,,,
1978,41275728.0,18089501.0,23186227.0,25400.0,7789652.0,2.4059470591189904,133201.0,3117045.0,2351000.0,1568117.0,,681000.0,1933000.0,27127.0,39099.0,54050.0,,37223.0,33344.0,4019.3,39313.907,,,,,,,,,,,,,49103.0,797222.0,434968.0,,182949.0,579710.0,2540.0,,,21391.4,9852.699,,,,,,,,,,,,,,,,,,,,,,,,,,,,,,,,,,,,,,,,,
1979,42267429.0,18530886.0,23736543.0,24470.0,7827668.0,2.3145311165804396,122386.0,2938208.0,2511000.0,1674837.0,,635890.0,1856000.0,27018.0,37119.0,57212.0,,37169.0,31606.0,3964.2,42947.904,,,,,,,,,,,,,45298.0,791554.0,438891.0,,171082.0,587231.0,2447.0,,,21161.2,10028.965,,,,,,,,,,,,,,,,,,,,,,,,,,,,,,,,,,,,,,,,,
1980,43309063.0,18994489.0,24314574.0,24450.0,7797570.0,2.2964488422321603,106961.0,3231075.0,2382100.0,1588861.0,,643000.0,1736440.0,26659.0,40366.0,58331.0,,37333.0,31175.0,4094.5,45239.779,,,,,,,,,,,,,40122.0,800440.0,408374.0,,172234.0,556995.0,2445.0,,,20803.5,14060.081,,,,,,,,,,,,,,,,,,,,,,,,,,,,,,,,,,,,,,,,,
1981,44400113.0,19480106.0,24920007.0,24680.0,8514362.0,2.31754482897182,103320.0,3307640.0,2236362.0,1491653.0,,653100.0,1938327.0,26969.0,40936.0,55675.0,,37670.0,32974.0,4100.5,50978.634000000005,,,,,,,,,,,,,38310.0,808009.0,401685.0,,173376.0,587830.0,2468.0,,,21127.1,16566.988999999998,,,,,,,,,,,,,,,,,,,,,,,,,,,,,,,,,,,,,,,,,
1982,45539295.0,19987197.0,25552098.0,24452.4,9304000.0,2.29166708523783,120796.0,3347293.0,2440513.0,1627822.0,,596263.0,2016992.0,26318.0,41181.0,56656.0,,37078.0,34962.0,4203.7,56523.138,,,,,,,21.95905756,50.8833333333,,,,1.10743371187555,45898.0,812832.0,430758.0,,160813.0,576917.0,2445.0,,,21802.0,18119.933999999997,,,,,,,,,,,,,,,,,,,,,,,,,,,,,,,,,,,,,,,,,
1983,46728284.0,20516520.0,26211764.0,24347.4,10160000.0,2.27509166708524,131679.0,3509000.0,2442000.0,1628814.0,,621000.0,1996000.0,25908.0,42793.0,57730.0,,37636.0,35996.0,4321.1,57091.523,,,,,,,,,,,,,50825.0,820000.0,423000.0,,165000.0,554500.0,2434.0,,,22093.3,17876.646,,,,,,,,,,,,,,,,,,,,,,,,,,,,,,,,,,,,,,,,,
1984,47968643.0,21068787.0,26899856.0,24582.6,10787000.0,2.28565975187101,144552.0,3698000.0,2236436.0,1491703.0,,561000.0,1815176.0,27223.0,44554.0,54058.0,,36667.0,36668.0,4347.5,63838.803,,,,,,,,,,,,,53100.0,830000.0,413711.0,,153000.0,495034.0,2458.0,,,22821.1,16894.659,,,,,,,,,,,,,,,,,,,,,,,,,,,,,,,,,,,,,,,,,
1985,49258726.0,21643299.0,27615427.0,24970.0,10804000.0,2.3155356873775697,145000.0,3686000.0,2311300.0,1541637.0,,547000.0,1872000.0,27619.0,45846.0,59478.0,,38252.0,37590.0,4539.2,63937.812000000005,,,,,,,,,,,,,52500.0,804000.0,388600.0,,143000.0,498000.0,2497.0,,,23176.1,16994.076,,,,,,,,,,,,,,,,,,,,,,,,,,,,,,,,,,,,,,,,,
1986,50602360.0,22241761.0,28360599.0,25670.0,11196000.0,2.3285951077402203,167000.0,3608000.0,2445000.0,1630815.0,,606000.0,1928000.0,30364.0,49903.0,57747.0,,38926.0,38028.0,4696.2,74564.77799999999,,,,,,,,,,,,,55000.0,723000.0,423400.0,,155680.0,507000.0,2567.0,,,23765.7,18603.875,,,,,,,,,,,,,,,,,,,,,,,,,,,,,,,,,,,,,,,,,
1987,51991696.0,22812396.0,29179300.0,25470.0,11804000.0,2.29845798382641,148000.0,3619000.0,2406000.0,1604802.0,,551000.0,2721000.0,31489.0,47571.0,58265.0,,41377.0,47158.0,4891.6,74810.467,,,,,,,19.23384073,52.8,,,,1.41626080348012,47000.0,760765.0,412940.0,,133165.0,577000.0,2547.0,,,24594.9,18463.042,,,,,,,,,,,,,,,,,,,,,,,,,,,,,,,,,,,,,,,,,
1988,53399243.0,23358965.0,30040278.0,25810.0,12607000.0,2.3205585413632,120000.0,4088000.0,2132000.0,1422044.0,,586000.0,2838000.0,32097.0,49650.0,60637.0,,44426.0,47510.0,5028.8,74531.775,,,,,,,,,,,,,37387.0,823357.0,351600.0,,131905.0,597350.0,2581.0,,,24796.3,18930.491,,,,,,,,,,,,,,,,,,,,,,,,,,,,,,,,,,,,,,,,,
1989,54788680.0,23893891.0,30894789.0,25710.0,12194000.0,2.30649455020343,138000.0,4529470.0,2679000.0,1786893.0,16000.0,586016.0,3182000.0,27778.0,53804.0,64825.0,20000.0,45581.0,49416.0,5337.7,72181.228,,,,,,,,,,,,,49679.0,841840.0,413266.0,8000.0,128565.0,643921.0,2571.0,,,26028.4,19152.73,,,,,,,,,,,,,,,,,,,,,,,,,,,,,,,,,,,,,,,,,
1990,56134478.0,24406148.0,31728330.0,26480.0,12199000.0,2.2944397006379,142000.0,4798635.0,3167421.0,2112670.0,16500.0,629638.0,4268049.0,26617.0,57803.0,72663.0,19412.0,46920.0,51967.0,5702.9,86820.0,,,,,,,,,,,,,53350.0,830174.0,435908.0,8500.0,134193.0,821301.0,2648.0,,,24980.0,15510.0,,,,,,,,,54733.0,,,,,,,,,,,,,,,,,,,,,,,,1972.0,,,,,,,,
1991,57424552.0,24890672.0,32533880.0,26430.0,26713000.0,2.2773619970867403,121000.0,5121709.0,3447812.0,2299691.0,15000.0,676321.0,4482523.0,18738.0,58951.0,74554.0,20000.0,49724.0,48163.0,5613.0,89390.0,,,,,,,,,,,,,64575.0,868808.0,462458.0,7500.0,136016.0,930702.0,2643.0,,,27650.0,16060.0,,,,,,,,,,,,,,,,,,,,,,,,,,,,,,,,,,,,,,,3.8416666666666672,15.083333333333336,29.73333333333333
1992,58666812.0,25351103.0,33315709.0,29962.8,27442008.0,2.6272339143101098,234000.0,5069000.0,3909706.0,2607774.0,15000.0,765568.0,4617997.0,22481.0,61346.0,76511.0,20000.0,51247.0,52546.0,5898.5,92300.0,,,,,,,17.04541232,54.6916666667,,,,1.6889404313982799,104089.0,826297.0,511000.0,7500.0,149389.0,878846.0,2945.0,,,30130.0,15910.0,,,,,,,,,,,,,,,,,,,,,,,,,,,,,,,,,,,,,,,2.983333333333334,14.541666666666664,29.08333333333333
1993,59880656.0,25795988.0,34084668.0,30151.8,28695726.0,2.62813802802753,132867.0,5039080.0,4160762.0,2775228.0,17500.0,779433.0,4832598.0,21994.0,60780.0,77184.0,19886.0,53366.0,52970.0,5995.1,91830.0,,,,,,,,,,,,,60410.0,829065.0,539071.0,8800.0,146055.0,912324.0,3000.0,,,32350.0,16570.0,,,,,,,,,,,,,,,,,,,,,,,,,,,,,,,,,,,,,,,3.6333333333333333,15.291666666666664,29.875
1994,61095804.0,26238204.0,34857600.0,30126.6,26567971.0,2.62460193882164,129441.0,5112000.0,4583007.0,3056866.0,19000.0,731237.0,4437055.0,20834.0,59065.0,79130.0,20000.0,46272.0,50026.0,5861.1,86430.0,,,,,,,,,,,,,62129.0,865482.0,579177.0,9500.0,158030.0,886950.0,3000.0,,,34550.0,15590.0,,,,,,,,,,,,,,,,,,,,,,,,,,,,,,,,,,,,,,,3.7083333333333335,15.325,29.95
1995,62334025.0,26687689.0,35646336.0,32830.0,27734500.0,2.82987593550655,368297.0,4535175.0,4788097.0,3193661.0,22000.0,661242.0,5722441.0,19575.0,61630.0,81356.0,20000.0,44770.0,54221.0,5903.7,91870.0,,,,,,,,,,,,,188143.0,735874.0,588538.0,11000.0,147697.0,1055384.0,3283.0,,,36650.0,17170.0,,,,,,,,,,,,,,,,,,,,,,,,,,,,,,,,,2264.0,,,,,,2.075,15.125,29.991666666666664
1996,63601632.0,27145813.0,36455819.0,31764.6,27554000.0,2.72284896278065,119522.0,5165338.0,4895388.0,3265224.0,23000.0,603558.0,5735367.0,26844.0,69523.0,82910.0,20000.0,43520.0,56384.0,6499.1,96770.0,,,,,,,,,,,,,44524.0,742966.0,590449.0,11500.0,138686.0,1017192.0,3176.0,,,38870.0,17510.0,,,,,,,,,,,,,,,,,,,,,,,,,,,,,,,,,,,,,,,2.341666666666667,15.45,30.08333333333333
1997,64892269.0,27681744.0,37210525.0,32449.2,28051420.0,2.7916218795519603,125575.0,5806070.0,5480010.0,3655167.0,24000.0,786537.0,5849134.0,21762.0,71298.0,84152.0,20000.0,50427.0,55994.0,6605.5,103960.0,,,,,,,15.41015618,62.0929428571,86.24730208,6.9561691422,6.79652878,1.84461128232566,57705.0,814336.0,651207.0,12000.0,155975.0,1044593.0,3244.0,,,41530.0,17120.0,,,,,,,,,,,,,,,,,,,,,,,,,,,,,,,,,,,,,,,2.9583333333333326,14.966666666666665,29.59166666666667
1998,66200259.0,28270159.0,37930100.0,32596.2,28827000.0,2.8063890702697303,148021.0,6336802.0,4474110.0,2984231.0,25000.0,887310.0,6093151.0,24670.0,72257.0,86401.0,20000.0,56077.0,59896.0,6797.4,109270.0,,,,,,,,,,,,,60000.0,876987.0,517832.0,12500.0,158232.0,1017282.0,3259.0,,,42590.0,17610.0,,,,,,,,,,,,,,,,,,,,,,,,,,,,,,,,,,,,,,,3.1666666666666665,15.85,30.266666666666666
1999,67515591.0,28862915.0,38652676.0,34830.0,28726000.0,3.00768496659802,114359.0,6143360.0,5816960.0,3879912.0,25000.0,954246.0,6346642.0,20146.0,75174.0,88780.0,20000.0,57692.0,63467.0,7166.6,114670.0,,,,,,,,,,,,,56764.0,817224.0,655210.0,12500.0,165403.0,999998.0,3289.0,,,45980.0,17680.0,,,,,,,,,,,,,,,,,,,,,,,,,,,,,,,,,,,,,,,2.041666666666667,15.775,30.4
2000,68831561.0,29457843.0,39373718.0,32910.0,29978000.0,2.81380280275252,99392.0,6474450.0,6000490.0,4002327.0,26000.0,941188.0,6564053.0,20327.0,76800.0,91025.0,20000.0,57885.0,63422.0,7280.1,112860.0,,,,,,,,,,,,,48896.0,843029.0,659217.0,13000.0,162597.0,1034985.0,3291.0,2.37,103.9,48390.0,18420.0,,,,,,,,,,,,,,,,,,,,,,,,,,,,,,,45900.0,,2870.0,1630.0,,,,44900.0,3.108333333333334,15.016666666666667,29.50833333333333
2001,70152662.0,30055505.0,40097157.0,33380.0,27853051.0,2.8740770505801403,93905.0,6093578.0,5226703.0,3486211.0,30000.0,862296.0,6254583.0,30391.0,69798.0,92833.0,20000.0,57964.0,63580.0,7099.4,125010.0,,,,,,,,,,,,,30899.0,873035.0,563021.0,15000.0,148764.0,983741.0,3338.0,2.43,105.6,48260.0,18710.0,65.01708636,77.82136905,,,,,,,,,,,,,,,,,,,,,,,,,,,,,46050.0,,,1040.0,,,,45050.0,2.075,15.733333333333334,30.308333333333334
2002,71485044.0,30659221.0,40825823.0,34240.0,28227608.0,2.94941986036466,100797.0,6430962.0,6105456.0,4072339.0,30000.0,902246.0,6624868.0,30538.0,77656.0,93889.0,20000.0,57756.0,64345.0,7445.6,127740.0,,,,,,,13.98894012,69.31,86.27562642,8.5990888383,5.125284738,2.0864353141703798,33007.0,828132.0,650286.0,15000.0,156217.0,1029592.0,3422.0,2.45,107.2,49650.0,19410.0,65.85404239,78.70981853,,,,,,,,,,,,,,,,,,,,,,,,,,,,,47100.0,,,1070.0,,,,46500.0,2.7833333333333337,15.949999999999998,30.325000000000006
2003,72826102.0,31267887.0,41558215.0,34090.0,28347480.0,2.9192827364508505,141447.0,6530427.0,6176266.0,4119569.0,30000.0,959096.0,6844692.0,28861.0,78293.0,97484.0,20000.0,57351.0,65001.0,7515.4,131240.0,,,,,,,,,,,,,49009.0,834103.0,633570.0,15000.0,167232.0,1053016.0,3402.0,2.49,108.9,49970.0,19820.0,67.41073004,80.89013671,,,,75.0,,,,57914.0,,,,10200.0,68189.0,,,,,75.0,,,,,,,,,10200.0,,47380.0,,3334.0,1080.0,,,,46780.0,2.2416666666666667,15.783333333333333,30.10833333333333
2004,74172073.0,31879899.0,42292174.0,34780.0,28193051.0,2.97855241348134,163080.0,6236140.0,6352370.0,4237031.0,30000.0,863716.0,7177855.0,27430.0,79087.0,98384.0,20000.0,56674.0,65567.0,7556.2,142690.0,,,,,,,,,,,,,59454.0,788520.0,645670.0,15000.0,152402.0,1094741.0,3471.0,2.57,110.6,50500.0,20980.0,66.70045467,80.35801846,,,,60.0,0.0,5884.0,52880.0,58764.0,0.0,,,6200.0,65014.0,,,51600.0,,60.0,,0.0,0.0,0.0,,1080.0,,,6200.0,6074.0,49500.0,,3534.0,1090.0,,,,,2.708333333333333,15.691666666666668,30.125
2005,75523576.0,32495529.0,43028047.0,35230.0,26953079.0,2.57471495303632,167020.0,7085190.0,6125300.0,4085575.0,52000.0,853000.0,8140960.0,27013.0,81607.0,99874.0,20000.0,56118.0,64929.0,7536.9,160590.0,,,,,,,,,,,,,61830.0,868210.0,613300.0,26000.0,152000.0,1253820.0,3516.0,2.68,112.3,50700.0,20800.0,66.00478491,80.13832663,,,,60.0,0.0,5884.0,53100.0,58984.0,0.0,,,6600.0,65634.0,,,51600.0,,60.0,,0.0,0.0,0.0,,1100.0,,,6600.0,6274.0,49900.0,,3734.0,1100.0,,,,,3.1166666666666667,15.65,30.1
2006,76873670.0,33111796.0,43761874.0,35330.0,28343397.0,2.6169069265156497,152900.0,6374300.0,6755000.0,4505585.0,75000.0,887000.0,8274230.0,16967.0,83705.0,100750.0,20000.0,56859.0,64303.0,7500.2,169130.0,,,,,,,,,,,,,90115.0,761524.0,670470.0,37500.0,156000.0,1286750.0,3526.0,2.8,114.0,52150.0,21270.0,65.77107776,79.9116559,,,,60.0,0.0,5884.0,53600.0,59484.0,0.0,,,7000.0,66534.0,,,51800.0,,60.0,,0.0,0.0,0.0,,1100.0,,,7000.0,6574.0,55100.0,,5974.0,2500.0,,,,,2.275,15.624999999999998,30.18333333333333
2007,78232124.0,33700834.0,44531290.0,35380.0,30288778.0,2.57571952383344,178344.0,6243220.0,6876830.0,4586846.0,78000.0,843840.0,7379000.0,17325.0,80463.0,97675.0,20000.0,56763.0,64673.0,7418.5,182230.0,,,,,,,12.78247284,73.6275,86.03009722,10.5073911306,3.4625116527,2.52184859188206,102940.0,775910.0,704054.0,39000.0,148660.0,1140979.0,3531.0,3.0,115.6,53700.0,21550.0,66.54461732,80.48641579999999,,,,75.0,0.0,6474.0,54030.0,60504.0,0.0,,,10200.0,70305.0,,,50800.0,,75.0,,0.0,0.0,0.0,,1200.0,,,10200.0,8030.0,50800.0,,4544.0,2350.0,,,,,2.358333333333333,15.733333333333333,30.30833333333333
2008,79636081.0,34289704.0,45346377.0,35420.0,30508486.0,2.6540760460093398,149238.0,7401412.0,7253373.0,4838000.0,95000.0,866948.0,7977051.0,19526.0,79053.0,97349.0,20000.0,56258.0,65031.0,7452.2,189120.0,,,,,,,,,,,,,76432.0,936254.0,745092.0,47500.0,154103.0,1226651.0,3535.0,3.17,117.3,54750.0,22580.0,66.25722894,79.22944088,,,,75.0,0.0,7500.0,56150.0,63649.0,0.0,,,15200.0,78924.0,,,53000.0,,75.0,,0.0,0.0,0.0,,1649.0,,,15200.0,9000.0,53000.0,,5551.0,2999.0,,,,,2.4666666666666663,16.0,30.68333333333333
2009,81134789.0,34919602.0,46215187.0,36890.0,29596801.0,2.89718217891406,148415.0,7686091.0,5520482.0,3682161.0,98000.0,780946.0,8522995.0,15626.0,78184.0,95930.0,20000.0,55287.0,63829.0,7158.3,195490.0,48.03124679323283,37.010533656042156,73.38961435630694,1.8522816159098352,2484.353522122427,0.044256102240768064,,,,,,,94980.0,983081.0,575467.0,49000.0,141253.0,1335295.0,3682.0,3.28,119.0,53600.0,23250.0,69.15755664,83.01691942,0.044256102,0.154356792,2484.353522,75.0,0.0,7500.0,56650.0,64149.0,0.0,,,15200.0,79424.0,,,53000.0,,75.0,,0.0,0.0,0.0,,1649.0,,,15200.0,9500.0,53000.0,,6051.0,2999.0,,,,,1.8833333333333333,15.766666666666667,30.575
2010,82761244.0,35603060.0,47158184.0,36710.0,29971724.0,2.88613190014566,117113.0,7041099.0,4329503.0,2887779.0,98000.0,701629.0,7177399.0,13346.0,72700.0,94217.0,20000.0,50060.0,55741.0,6504.3,196500.0,48.80507572749652,40.73958971201374,77.82782606406778,1.0087709397027864,2596.799248990599,0.039485186908624535,,,,,,,87752.0,968519.0,459525.0,49000.0,140157.0,1287627.0,3664.0,3.4,120.7,53530.0,23640.0,70.66932482,82.92868659,0.039485187000000005,0.084064236,2596.7992489999997,,,6500.0,55500.0,62000.0,,,,,,,,,,,,,,,,,,,,,60500.0,,,1350.0,,,,,1.9583333333333333,17.124999999999996,31.79166666666667
2011,84529251.0,36347578.0,48181673.0,36200.0,29608799.0,2.82083479833241,122294.0,6876473.0,5675027.0,3785243.0,94110.0,839195.0,8407126.0,18112.0,77409.0,95670.0,20013.0,53457.0,65428.0,7246.3,201610.0,47.33408646568633,34.52127628566886,70.18086202192386,2.1687357816693043,2426.2216451763197,0.060658404095804724,,,,,,,67520.0,888329.0,593185.0,47025.0,156986.0,1284946.0,3613.0,3.78,122.4,55070.0,23650.0,64.63201565,78.51189627,0.060658404000000006,0.18072797300000001,2426.221645,,,7500.0,55500.0,63000.0,,,,,,,,,,,,,,,,,,,,,60900.0,,,1200.0,,,,,2.3666666666666667,15.458333333333336,30.025
2012,86422240.0,37114895.0,49307345.0,36960.0,29635463.0,2.84193078507208,108495.0,8093646.0,5911086.0,3942694.0,90000.0,757035.0,8795483.0,13150.0,77723.0,95296.0,20000.0,53034.0,65823.0,7269.0,212410.0,49.22513733240735,38.25947592102832,75.80655740872636,1.5670129402320532,2462.930761081589,0.052038053281081104,11.57109559,63.7,85.06224066,13.278008298800001,1.6597510373,3.5762767262808297,82504.0,1041345.0,620285.0,45000.0,142744.0,1336234.0,3696.0,4.1,124.0,56000.0,22630.0,67.45730021,80.99869598,0.052038053,0.130584439,2462.930761,,,7700.0,55500.0,63200.0,,,,,,,,,,,,,,,,,,,,,61500.0,,,1200.0,,,,,2.4916666666666667,16.083333333333332,30.71666666666667
2013,88404652.0,37919407.0,50485245.0,37309.7,29623300.0,2.72034758149581,131890.0,7956593.0,5724106.0,3817979.0,89000.0,761627.0,9460200.0,16703.0,77223.0,95865.0,20000.0,53777.0,66682.0,7285.3,210430.0,49.75891856762282,35.24846740629569,73.38337764137978,2.4167371005431018,2525.560877572015,0.058348282080307075,,,,,,,78960.0,1030339.0,597099.0,44500.0,141627.0,1418708.0,3724.0,4.2,122.7,55670.0,22110.0,67.77405788,81.77605076,0.058348282,0.20139474899999998,2525.5608780000002,,,6700.0,55500.0,62200.0,,,,,,,,,,,,,,,,,,,,,62100.0,,,1200.0,,,,,2.9333333333333336,15.908333333333335,30.68333333333333
2014,90424668.0,38737024.0,51687644.0,37151.9,29221300.0,2.6522577728665397,102244.0,8059906.0,5467392.0,3646750.0,90016.0,804051.0,8800000.0,16905.0,77556.0,95300.0,20004.0,54158.0,61752.0,7085.1,216650.0,51.14613318062279,38.24897887728524,77.72070428973234,2.6894809028366597,2502.177612499086,0.06894640334244792,,,,,,,60480.0,1039241.0,573704.0,45000.0,148465.0,1425060.0,3708.0,4.28,121.3,55880.0,21640.0,66.69629118,80.88158289,0.068946403,0.22412339899999997,2502.177612,,,6900.0,55500.0,62400.0,,,,,,,,,,,,,,,,,,,,,62350.0,,,1200.0,,,,,3.0,16.241666666666664,30.824999999999992
2015,92442549.0,39551545.0,52891004.0,37898.771,29695000.0,2.8789764428148104,100670.0,7803183.0,4817964.0,3213582.0,91431.0,720291.0,9607736.0,38524.0,73546.0,94312.0,20002.0,47956.0,65919.0,7117.2,225950.0,50.53718827770522,40.62935160783999,79.5218352938247,1.923306991442996,2458.794706972236,0.05596237049026232,,,,,,,26132.0,1060996.0,510853.0,45710.0,150197.0,1457506.0,3782.0,4.35,110.5646630237,55570.0,21630.0,66.41289789999999,79.80908962,0.055962371,0.160275573,2458.794707,100.0,0.0,6900.0,55500.0,62400.0,0.0,2760.0,,20500.0,94900.0,92140.0,,,,100.0,,0.0,0.0,0.0,,2800.0,,,20500.0,9200.0,62350.0,,,2800.0,,,,,2.9250000000000003,15.975,30.675
2016,94447071.0,40359122.0,54087949.0,37337.654,30095000.0,2.7995031392837406,99751.0,7817640.0,5308873.0,3541018.0,94753.0,723791.0,9342538.0,39667.0,76071.0,93353.0,19999.0,48881.0,66311.0,7248.9,233960.0,50.68692843072883,40.407976061454775,79.72593168565461,1.869572177078073,2509.332391248388,0.05783739382601474,,,,,,,25147.0,1027682.0,568688.0,47380.0,148071.0,1408887.0,3726.0,4.44,110.1092896175,56310.0,22130.0,69.10568859,83.07276035,0.057837394,0.155797709,2509.332391,,,,,,,,,,92971.0,,,,,,,,,,,,,,,,62150.0,,,1200.0,,,,,2.391666666666666,16.45,31.0
2017,96442590.0,41185808.0,55256782.0,38359.687999999995,24391708.0,2.92427424782762,97666.0,8542635.0,4960662.0,3308762.0,92135.0,807377.0,8421071.0,40205.0,77895.0,90245.0,19996.0,53057.0,68597.0,7401.1,238690.0,50.251584296807955,39.950924843628265,78.79952338948041,2.2096403323817126,2477.7519113019066,0.05868536557879636,10.36886297,64.2,79.16129032,13.870967741900001,6.967741935499999,4.234081260301879,24292.0,1096680.0,549688.0,46077.0,152171.0,1227611.0,3823.0,4.38,116.93989071040001,56050.0,22050.0,66.61611851,80.19460445,0.058685365999999996,0.184136685,2477.751911,,,,,,,,,,,,,,,,,,,,,,,,,,,,,,,,,,1.9416666666666669,15.808333333333332,30.566666666666666
2018,98423602.0,42030815.0,56392787.0,38359.687999999995,21035261.0,2.92427424782762,82406.0,5111236.0,3123708.0,2083513.0,92596.0,804851.0,8348629.0,36594.0,75162.0,86511.0,19994.0,51951.0,62942.0,7148.5,246260.0,52.71399375482443,51.967417967052356,93.29017433860231,1.6261865379369622,2517.1258083927955,0.04393166349257865,,,,,,,22519.0,680025.0,361075.0,46313.0,154925.0,1326401.0,3823.0,4.58,116.93989071040001,56870.0,22320.0,68.33877018,82.06891991,0.043931662999999996,0.135515535,2517.125808,,,,,,,,,,,,,,,,,,,,,,,,,,,,,,,,,,4.258333333333334,16.683333333333334,31.275
2019,100388076.0,42895825.0,57492251.0,,22684965.0,,100436.0,7450000.0,6690000.0,4462230.0,93030.0,792044.0,9000000.0,32962.0,74888.0,83726.0,19991.0,51583.0,63789.0,,,52.62307705715562,43.02523678619868,84.16131016240597,1.9505846859645468,2516.783305037088,0.052360750879291235,,,,,,,30470.0,994818.0,799032.0,46536.0,153546.0,1410912.0,,,,,,64.9577687,78.81049284,0.052360751,0.162548714,2516.783305,,,,,,,,,,,,,,,,,,,,,,,,,,,,,,,,,,3.208333333333333,15.908333333333333,30.633333333333336
2020,102334403.0,43781728.0,58552675.0,,,,,,,,,,,,,,,,,,,53.75697195627184,51.31156725293515,93.63066241520886,2.663591408576325,2452.687812985851,0.05643138476071885,,,,,,,,,,,,,,,,,,69.39467654,85.07071822,0.056431385,0.22196597899999998,2452.687813,,,,,,,,,,,,,,,,,,,,,,,,,,,,,,,,,,3.233333333333333,15.85,30.383333333333336
